Book Id,Title,Author,average_rating,isbn,isbn13,language_code,num_pages,ratings_count,text_reviews_count,publication_date,publisher,genres
14941,To the Lighthouse,Virginia Woolf/Mark Hussey,3.78,0156030470,9780156030472,eng,242,514,59,8/1/2005,Mariner Books,"Classics;Fiction;Literature;Novels;European Literature,British Literature;Literature,20th Century;Feminism;Literary Fiction;Academic,School;Classics,Modern Classics"
10220,Death in the Andamans,M.M. Kaye,3.93,0312252811,9780312252816,eng,272,845,57,2/11/2000,Minotaur Books,"Mystery;Romance;Romance,Romantic Suspense;Fiction;Historical,Historical Fiction;Cultural,India;Historical;Mystery,Crime;Suspense;Cultural,Asia"
13399,Splinter Cell (Tom Clancy's Splinter Cell  #1),David  Michaels/Raymond Benson/Tom Clancy,3.85,0425201686,9780425201688,eng,355,10329,193,12/6/2004,Berkley,"Fiction;Thriller;Action;Spy Thriller,Espionage;War,Military Fiction;Suspense;Adventure;Novels;Thriller,Spy Thriller;War"
42434,Sandworms of Dune (Dune Chronicles #8),Brian Herbert/Kevin J. Anderson,3.64,076531293X,9780765312938,en-US,494,8486,273,8/7/2007,Tor Books,"Science Fiction;Fiction;Fantasy;Science Fiction Fantasy;Space,Space Opera;Audiobook;Classics;Space;Adventure;Epic"
29285,Make Way for McCloskey,Robert McCloskey/Leonard S. Marcus,4.46,067005934X,9780670059348,eng,144,129,8,10/21/2004,Viking Books for Young Readers,"Childrens,Picture Books;Childrens;Classics;Biography;Childrens,Pre K;Literature"
10080,Mary Queen of Scots and the Murder of Lord Darnley,Alison Weir,4.04,0712664564,9780712664561,eng,640,4947,119,2/5/2004,Pimlico,"History;Nonfiction;Biography;Historical;Cultural,Scotland;English History,Tudor Period;European Literature,British Literature;Crime,True Crime;Literature,16th Century;History,European History"
11670,Mr. Ives' Christmas,Oscar Hijuelos,3.76,0060927542,9780060927547,eng,256,949,128,12/23/2003,Harper Perennial,"Fiction;Holiday,Christmas;Religion;Novels;Literary Fiction;Holiday;Contemporary;New York;Spirituality;Christianity,Catholic"
31483,Sky The Blue Fairy (Rainbow Magic  #5),Daisy Meadows/Georgie Ripper,3.83,0439746841,9780439746847,en-US,80,2267,82,11/1/2005,Scholastic Paperbacks,"Fantasy;Childrens;Fiction;Childrens,Chapter Books;Paranormal,Fairies;Childrens,Middle Grade;Fantasy,Magic;Audiobook;Childrens,1st Grade;Fairies,Fae"
13105,The Tenth Insight: Holding the Vision (Celestine Prophecy  #2),James Redfield,3.64,0446674575,9780446674577,eng,256,9889,337,12/1/1998,Grand Central Publishing,"Fiction;Spirituality;Philosophy;Self Help;Spirituality,New Age;Fantasy;Adventure;Religion;Inspirational;Novels"
16188,Wideacre  (The Wideacre Trilogy  #1),Philippa Gregory,3.3,0743249291,9780743249294,eng,656,18944,1547,7/2/2003,Washington Square Press,"Historical,Historical Fiction;Fiction;Historical;Romance;European Literature,British Literature;Romance,Historical Romance;Literature,18th Century;Adult;Audiobook;Adult Fiction"
24768,Pretties (Uglies  #2),Scott Westerfeld,3.85,0689865392,9780689865398,eng,370,211060,8890,11/1/2005,Simon & Schuster Simon Pulse,"Young Adult;Science Fiction,Dystopia;Science Fiction;Fiction;Fantasy;Romance;Young Adult,Teen;Adventure;Apocalyptic,Post Apocalyptic;Science Fiction Fantasy"
17582,The Norton Anthology of Short Fiction,Richard Bausch,4.18,0393926117,9780393926118,en-US,1776,663,15,1/5/2006,W. W. Norton & Company,"Fiction;Short Stories;Anthologies;Literature;Classics;Reference;Academic,School;Anthologies,Collections;Literary Fiction;Teaching"
13138,Season of the Machete,James Patterson,3.25,0446600474,9780446600477,eng,341,5512,227,4/1/1995,Vision,"Mystery;Thriller;Fiction;Suspense;Thriller,Mystery Thriller;Mystery,Crime;Mystery,Murder Mystery;Adult;Audiobook;Horror"
15682,A Happy Death,Albert Camus/Richard Howard/Jean Sarocchi,3.82,0141186585,9780141186580,eng,144,6975,257,2/28/2002,Penguin Classics,"Fiction;Philosophy;Classics;Cultural,France;Literature;European Literature,French Literature;Novels;Literature,20th Century;Nobel Prize;Literary Fiction"
20517,Vicars of Christ: A History of the Popes,Charles A. Coulombe,3.94,0806523700,9780806523705,en-US,492,31,2,7/1/2003,Citadel,"History;Christianity,Catholic;Biography;Religion;Nonfiction;Religion,Theology;Christian"
33514,The Elements of Style,William Strunk Jr./E.B. White,4.19,0205313426,9780205313426,en-US,128,53669,2526,9/3/1999,Pearson,"Language,Writing;Nonfiction;Reference;Humanities,Language;Classics;Education;Self Help;Business;Academic,School;Textbooks"
32510,Shakespeare's Champion (Lily Bard  #2),Charlaine Harris,3.83,0425213102,9780425213100,eng,214,13896,537,12/5/2006,Berkley Books,"Mystery;Fiction;Mystery,Crime;Mystery,Cozy Mystery;Romance;Thriller,Mystery Thriller;Contemporary;Thriller;Audiobook;Adult"
24782,Taran Wanderer (The Chronicles of Prydain  #4),Lloyd Alexander,4.14,0805080511,9780805080513,eng,222,34770,840,5/16/2006,Square Fish,"Fantasy;Young Adult;Fiction;Childrens;Adventure;Childrens,Middle Grade;Classics;Science Fiction Fantasy;Fantasy,High Fantasy;Childrens,Juvenile"
41464,Moon in a Dewdrop: Writings of Zen Master Dogen,Dōgen/Kazuaki Tanahashi/Robert Aitken/Reb Anderson/Edward G. Brown/Norman Fischer/Arnold Kotler/Daniel Leighton/Lew Richmond/Katherine Thanas/Brian Unger/Mel Weitsman/Dan Welch/Philip Whalen/David    Schneider,4.28,086547186X,9780865471863,eng,356,997,27,10/31/1995,North Point Press,"Religion,Buddhism;Buddhism,Zen;Philosophy;Spirituality;Religion;Nonfiction;Cultural,Japan;Poetry;Asian Literature,Japanese Literature;Philosophy,Eastern Philosophy"
45101,The Mad Ship (Liveship Traders  #2),Robin Hobb,4.23,0006498868,9780006498865,eng,906,38753,893,2/4/2008,Harper Voyager,"Fantasy;Fiction;Fantasy,Epic Fantasy;Fantasy,High Fantasy;Fantasy,Dragons;Adventure;Science Fiction Fantasy;Adult;Fantasy,Magic;Adventure,Pirates"
42157,P.S. Longer Letter Later (Elizabeth and Tara*Starr  #1),Paula Danziger/Ann M. Martin,3.78,0590213113,9780590213110,eng,234,2699,242,5/1/1999,Scholastic Paperbacks,"Young Adult;Childrens;Childrens,Middle Grade;Fiction;Realistic Fiction;Contemporary;Childrens,Juvenile;Womens Fiction,Chick Lit;Young Adult,Teen;Academic,School"
12180,Every Book Its Reader: The Power of the Printed Word to Stir the World,Nicholas A. Basbanes,3.96,0060593245,9780060593247,eng,400,312,26,12/12/2006,Harper Perennial,"Writing,Books About Books;Nonfiction;History;Language,Writing;Philosophy;Criticism,Literary Criticism;Literature;Literature,21st Century;Reference;Criticism"
7672,Congo,Michael Crichton,3.59,0060541830,9780060541835,eng,442,144636,1546,10/28/2003,Avon Books,"Fiction;Science Fiction;Thriller;Adventure;Horror;Mystery;Suspense;Cultural,Africa;Novels;Thriller,Mystery Thriller"
30821,John's Story: The Last Eyewitness (The Jesus Chronicles  #1),Tim LaHaye/Jerry B. Jenkins,3.94,0399153896,9780399153891,eng,310,1144,108,12/1/2006,Putnam Adult,"Christian Fiction;Christian;Historical,Historical Fiction;Fiction;Biblical Fiction;Religion,Christianity;Religion;Historical;Biblical;Religion,Faith"
32330,Air Gear  Vol. 1 (Air Gear  #1),Oh! Great/大暮 維人,3.92,0345492781,9780345492784,eng,224,1875,37,7/25/2006,Del Rey,"Sequential Art,Manga;Sequential Art,Comics;Manga,Shonen;Sports,Sports;Action;Science Fiction;Sequential Art,Graphic Novels;Humor;Fiction;Comics Manga"
35907,Sgt. Frog  Vol. 13 (Sgt. Frog  #13),Mine Yoshizaki,4.23,1427802114,9781427802118,eng,192,77,1,6/1/2007,TokyoPop,"Sequential Art,Manga;Sequential Art,Graphic Novels"
25855,The Drifting Classroom  Vol. 4 (Drifting Classroom),Kazuo Umezu,3.91,1421509563,9781421509563,en-US,192,412,20,2/20/2007,VIZ Media LLC,"Sequential Art,Manga;Horror;Sequential Art,Comics;Science Fiction;Sequential Art,Graphic Novels;Fiction;Cultural,Japan;Comics Manga;Adventure;Manga,Shonen"
33835,When True Night Falls (The Coldfire Trilogy  #2),C.S. Friedman,4.14,0756403162,9780756403164,en-US,560,8188,139,10/4/2005,DAW,"Fantasy;Science Fiction;Fiction;Science Fiction Fantasy;Fantasy,Dark Fantasy;Fantasy,Epic Fantasy;Horror;Fantasy,High Fantasy;Paranormal,Vampires;Dark"
476,The Coming Economic Collapse: How You Can Thrive When Oil Costs $200 a Barrel,Stephen Leeb/Glen C. Strathy,3.4,0446579785,9780446579780,en-US,211,213,26,2/1/2006,Business Plus,"Economics;Nonfiction;Business;Economics,Finance;Politics;Environment,Peak Oil"
41497,Inside My Heart: Choosing to Live with Passion and Purpose,Robin McGraw,3.62,078521836X,9780785218364,eng,221,1113,183,9/12/2006,Nelson Books,"Biography;Self Help;Nonfiction;Autobiography,Memoir;Inspirational;Biography,Autobiography;Christian;Spirituality;Book Club"
7661,Next,Michael Crichton,3.5,0060872985,9780060872984,eng,431,59354,2540,11/28/2006,Harper,"Fiction;Science Fiction;Thriller;Mystery;Suspense;Novels;Science Fiction Fantasy;Biology,Genetics;Thriller,Mystery Thriller;Adventure"
33185,Hamlet,William Shakespeare/Burton Raffel/Harold Bloom,4.02,0300101058,9780300101058,eng,249,822,58,9/10/2003,Yale University Press,"Classics;Plays;Fiction;Drama;Academic,School;Literature;Plays,Theatre;Academic,Read For School;Poetry;Young Adult,High School"
2390,Moby-Dick,Herman Melville/Carl F. Hovde,3.5,1593080182,9781593080181,eng,707,1260,207,4/1/2003,Barnes  Noble Classics,"Classics;Fiction;Literature;Adventure;Historical,Historical Fiction;Novels;Literature,American;Literature,19th Century;Classics,Classic Literature;Audiobook"
16228,Gardening with a Wild Heart: Restoring California's Native Landscapes at Home,Judith Larner Lowry,4.29,0520251741,9780520251748,eng,267,12,2,3/19/2007,University of California Press,"Horticulture,Gardening;Nonfiction;Nature,Plants;Environment;Environment,Nature"
6198,Boyhood: Scenes from Provincial Life,J.M. Coetzee,3.79,014026566X,9780140265668,eng,166,3162,183,9/1/1998,Penguin Books,"Fiction;Cultural,Africa;Southern Africa,South Africa;Literature;Nobel Prize;Novels;Literary Fiction;Literature,20th Century;Biography Memoir;Young Adult,Coming Of Age"
39625,Call of the Moon,Ronda Thompson,3.74,0505525151,9780505525154,eng,352,126,8,1/1/2009,Love Spell,"Romance;Fantasy,Paranormal;Romance,Paranormal Romance;Shapeshifters,Werewolves;Paranormal,Shapeshifters;Fiction;Fantasy"
36606,Oliver and Albert  Friends Forever (Easy-to-Read  Puffin),Jean Van Leeuwen/Ann Schweninger,3.61,0142300845,9780142300848,eng,48,23,2,3/18/2002,Puffin,Childrens
5342,The Life of Our Lord: Written for His Children During the Years 1846 to 1849,Charles Dickens,4.01,0684865378,9780684865379,eng,128,1729,364,11/9/1999,Simon  Schuster,"Classics;Holiday,Christmas;Religion;Nonfiction;Christian;Childrens;Inspirational;Biography;Spirituality;Religion,Christianity"
35206,Rashōmon and Seventeen Other Stories,Ryūnosuke Akutagawa/Jay Rubin/Haruki Murakami/Yoshihiro Tatsumi,4.13,0143039849,9780143039846,eng,268,4813,239,10/31/2006,Penguin Classics,"Short Stories;Fiction;Cultural,Japan;Asian Literature,Japanese Literature;Classics;Literature;Historical,Historical Fiction;Cultural,Asia;Literature,20th Century;Literature,Asian Literature"
18486,Frankenstein Makes a Sandwich,Adam Rex,4.21,0152057668,9780152057664,eng,40,1911,276,9/1/2006,Harcourt,"Childrens,Picture Books;Poetry;Holiday,Halloween;Childrens;Humor;Folklore,Monsters;Horror;Fantasy;Fiction;Childrens,Juvenile"
45337,Night Has a Thousand Eyes,Cornell Woolrich,3.77,1933648279,9781933648279,eng,344,704,74,4/1/2007,Pegasus Books,"Mystery;Mystery,Noir;Fiction;Horror;Mystery,Crime;Thriller;Classics;Thriller,Mystery Thriller;Novels;Suspense"
13993,Joust (Dragon Jousters  #1),Mercedes Lackey,4.02,0756401534,9780756401535,eng,448,10113,263,3/2/2004,DAW,"Fantasy;Fantasy,Dragons;Fiction;Science Fiction Fantasy;Fantasy,High Fantasy;Young Adult;Adult;Fantasy,Magic;Fantasy,Epic Fantasy;Adventure"
4405,American Gospel: God  the Founding Fathers  and the Making of a Nation,Jon Meacham,3.8,1400065550,9781400065554,eng,399,1876,244,4/4/2006,Random House (NY),"History;Nonfiction;Religion;North American Hi...,American History;Politics;Military History,American Revolution;Religion,Christianity;Historical;American Revolution,American Revolutionary War;Literature,American"
9997,The Ruined Map,Kōbō Abe/E. Dale Saunders,3.55,0375726527,9780375726521,eng,304,1398,105,12/4/2001,Vintage,"Fiction;Cultural,Japan;Asian Literature,Japanese Literature;Mystery;Literary Fiction;Literature,Asian Literature;Novels;Mystery,Crime;Literature;Thriller"
18640,Three Novels & Five Short Stories,Daphne du Maurier,4.12,0517349175,9780517349175,eng,677,33,2,12/12/1988,Random House Value Publishing,Fiction
10804,Collected Stories,Wallace Stegner/Lynn Stegner,4.22,0143039792,9780143039792,eng,576,608,59,7/25/2006,Penguin Classics,"Short Stories;Fiction;Literature,American;Anthologies;Westerns;Historical,Historical Fiction;Literary Fiction;American,American Fiction;Literature;Anthologies,Collections"
7338,Tolkien on Film: Essays on Peter Jackson's The Lord of the Rings,Janet Brennan Croft/Mark P. Shea/Amy H. Sturgis,3.79,1887726098,9781887726092,eng,323,39,2,5/9/2005,Mythopoeic Press,Nonfiction
10460,The Children on the Top Floor,Noel Streatfeild,3.79,0440412242,9780440412243,en-GB,180,148,17,7/1/1985,Yearling,"Childrens;Fiction;European Literature,British Literature;Childrens,Middle Grade;Classics"
34530,Guards! Guards! (Discworld  #8),Terry Pratchett,4.33,0613572173,9780613572170,eng,355,67,2,7/31/2001,Turtleback Books,"Fantasy;Fiction;Humor;Humor,Comedy;Fantasy,Dragons;Science Fiction Fantasy;Audiobook;Fantasy,Magic;Novels;Fantasy,High Fantasy"
22991,Blood Wedding and Yerma,Federico García Lorca/W.S. Merwin/Langston Hughes,3.84,1559360801,9781559360807,en-US,160,885,32,5/1/1994,Theatre Communications Group,"Plays;Classics;Poetry;Plays,Theatre;Fiction;Drama;European Literature,Spanish Literature;Academic,Read For School;Literature;Romance"
6539,The Body Farm (Kay Scarpetta  #5),Patricia Cornwell,4.05,0425201449,9780425201442,eng,351,57415,920,12/28/2004,Berkley,"Mystery;Mystery,Crime;Fiction;Thriller;Thriller,Mystery Thriller;Suspense;Mystery,Murder Mystery;Mystery,Detective;Adult;Audiobook"
19689,Airborne: A Guided Tour Of An Airborne Task Force,Tom Clancy,3.77,0425157709,9780425157701,eng,326,448,5,11/1/1997,Berkley,"War,Military Fiction;Nonfiction;History;War;Military,Military History;Reference"
24475,Chuck Klosterman IV: A Decade of Curious People and Dangerous Ideas,Chuck Klosterman,3.85,0743284887,9780743284882,en-US,374,14639,667,9/5/2006,Scribner Book Company,"Nonfiction;Writing,Essays;Music;Culture,Pop Culture;Humor;Writing,Journalism;Cultural;Autobiography,Memoir;Short Stories;Culture,Cultural Studies"
23300,The Door to Time (Ulysses Moore  #1),Pierdomenico Baccalario/Iacopo Bruno/Laura Zuccotti/Leah D. Janeczko/Beth Dunfey,3.93,0439774381,9780439774383,eng,239,3099,241,1/1/2006,Scholastic Inc.,"Fantasy;Adventure;Mystery;Childrens,Middle Grade;Childrens;Fiction;Science Fiction,Time Travel;Young Adult;Science Fiction;European Literature,Italian Literature"
19998,The Porcelain Dove,Delia Sherman,3.41,0452272262,9780452272262,eng,416,206,28,7/1/1994,Plume,"Fantasy;Historical,Historical Fiction;Historical;Fiction;Cultural,France;Historical Fiction,Historical Fantasy;Fantasy,Fairy Tales;Fantasy Of Manners,Mannerpunk;Literature,18th Century;Science Fiction Fantasy"
14375,A Reading Guide to Island of the Blue Dolphins,Patricia McHugh,3.89,0439463696,9780439463690,eng,64,4,0,7/1/2003,Scholastic Reference,
31819,Harry Potter and Philosophy: If Aristotle Ran Hogwarts,David Baggett/Shawn E. Klein,4.48,0812694554,9780812694550,eng,243,11422,78,9/10/2004,Open Court,"Philosophy;Nonfiction;Culture,Pop Culture;Psychology;Writing,Essays;Adult;Writing,Books About Books;Cultural;Criticism,Literary Criticism;Culture,Film"
14566,Echo,Francesca Lia Block,3.87,0064407446,9780064407441,eng,215,4894,235,8/6/2001,HarperTeen,"Young Adult;Fantasy;Fiction;Magical Realism;Romance;Fantasy,Urban Fantasy;Young Adult,Teen;Young Adult,Coming Of Age;Young Adult,Young Adult Fantasy;Contemporary"
19337,The Tale of the Flopsy Bunnies,Beatrix Potter,4.19,072324779X,9780723247791,eng,58,5209,130,3/7/2002,Warne,"Childrens;Childrens,Picture Books;Classics;Fiction;Animals;Fantasy;Short Stories;European Literature,British Literature;Childrens,Juvenile;Animals,Rabbits"
29914,Inner Circle (Carol Ashton Mysteries  #8),Claire McNab,3.74,156280135X,9781562801359,eng,196,72,1,10/1/1996,Naiad Press,"LGBT,Lesbian;Fiction;LGBT;Mystery;Mystery,Crime;Lesbian,Lesbian Fiction;LGBT,Queer"
31299,Hickory Dickory Dock (Hercule Poirot  #32),Agatha Christie/Hugh Fraser,3.75,1572705647,9781572705647,eng,196,13515,368,12/7/2006,AudioGO,"Mystery;Fiction;Mystery,Crime;Classics;Mystery,Detective;Thriller,Mystery Thriller;Audiobook;European Literature,British Literature;Mystery,Murder Mystery;Thriller"
8253,Little Town on the Prairie  (Little House  #7),Laura Ingalls Wilder/Garth Williams,4.19,0060885432,9780060885434,eng,374,71853,646,1/1/2007,HarperTrophy,"Classics;Historical,Historical Fiction;Childrens;Fiction;Young Adult;Historical;Childrens,Middle Grade;Childrens,Juvenile;Audiobook;Family"
11352,Sula,Toni Morrison,3.93,0099760010,9780099760016,eng,189,709,94,5/7/2005,Vintage Books,"Fiction;Classics;Historical,Historical Fiction;Cultural,African American;Literary Fiction;Novels;Literature;Race;Academic,School;Feminism"
18854,Three Guineas,Virginia Woolf/Mark Hussey/Jane Marcus,3.87,0156031639,9780156031639,eng,352,2423,125,7/3/2006,Mariner Books,"Nonfiction;Classics;Feminism;Writing,Essays;Politics;Literature;Philosophy;Literature,20th Century;Womens;European Literature,British Literature"
8978,Freaks!: How to Draw Fantastic Fantasy Creatures,Steve  Miller,4.06,0823016625,9780823016624,eng,144,31,1,6/1/2004,Watson-Guptill Publications,Art
28427,The Truelove Bride,Shana Abe,3.65,055358054X,9780553580549,eng,357,377,25,6/1/1999,Bantam,"Romance,Historical Romance;Romance;Historical;Romance,Paranormal Romance;Fantasy;Historical,Medieval;Historical Romance,Medieval Romance;Romance,Fantasy Romance;Adult;Historical,Historical Fiction"
40180,Vesco,Arthur Herzog III,4.0,0595272096,9780595272099,eng,408,6,3,3/11/2003,iUniverse,BIOGRAPHY;AUTOBIOGRAPHY
18828,The Rachel Papers,Martin Amis,3.59,0679734589,9780679734581,eng,240,8180,346,9/29/1992,Vintage,"Fiction;Novels;Contemporary;Young Adult,Coming Of Age;European Literature,British Literature;Literature;Literary Fiction;Classics;Literature,20th Century;Romance"
39403,Love Is Blind,Lynsay Sands,3.99,0843955007,9780843955002,eng,342,3488,207,8/1/2006,Leisure Books,"Romance,Historical Romance;Romance;Historical;Historical,Regency;Historical,Historical Fiction;Fiction;Humor;Adult;Historical Romance,Regency Romance;Mystery"
14808,Travels of Marco Polo,Marco Polo/Howard Mittelmark/Milton Rugoff,3.58,0451529510,9780451529510,eng,297,68,16,10/5/2004,Signet,"History;Travel;Classics;Nonfiction;Biography;Adventure;Cultural,China;Historical,Medieval;Cultural,Italy;European Literature,Italian Literature"
10058,Flags of Our Fathers,James D. Bradley/Ron Powers,4.19,0553384155,9780553384154,eng,382,45954,1297,8/29/2006,Bantam,"History;Nonfiction;War,Military Fiction;War;War,World War II;Biography;Military,Military History;North American Hi...,American History;Historical;Biography Memoir"
14107,Death of a Snob (Hamish Macbeth  #6),M.C. Beaton,3.78,0553409689,9780553409680,eng,192,17,1,6/1/2000,Transworld Publishers,"Mystery;Fiction;Mystery,Cozy Mystery;Mystery,Crime;Cultural,Scotland;Audiobook;Humor;Thriller,Mystery Thriller;Mystery,Detective;European Literature,British Literature"
40021,A Slipping-Down Life,Anne Tyler,3.61,0345478959,9780345478955,eng,192,3335,142,5/4/2004,Ballantine Books,"Fiction;Literary Fiction;Novels;Contemporary;Literature;Music;Literature,20th Century;Literature,American;The United States Of America;Female Authors"
6419,Plum Lovin' (Stephanie Plum  #12.5),Janet Evanovich,3.72,0312306342,9780312306342,eng,164,47315,1446,1/9/2007,St. Martin's Press,"Mystery;Fiction;Humor;Womens Fiction,Chick Lit;Romance;Humor,Comedy;Mystery,Crime;Contemporary;Adult;Audiobook"
43798,The Feast of All Saints,Anne Rice,3.85,0345376048,9780345376046,en-US,570,16178,337,1/28/1992,Ballantine Books,"Fiction;Historical,Historical Fiction;Horror;Fantasy;Historical;Fantasy,Paranormal;Paranormal,Vampires;Fantasy,Supernatural;American,Southern;Novels"
34177,The Visual Arts: A History,Hugh Honour/John Fleming,3.85,0810935937,9780810935938,eng,960,0,0,12/1/2002,Harry N. Abrams,"Art;Art,Art History;History;Reference;Nonfiction;Textbooks"
16376,Full Moon (Blandings Castle  #7),P.G. Wodehouse,4.17,1585678368,9781585678365,eng,272,1860,131,11/23/2006,Harry N. Abrams,"Fiction;Humor;Classics;Humor,Comedy;European Literature,British Literature;Novels;Audiobook;Literature,20th Century;Literature;Romance"
45455,Artemis Fowl (Artemis Fowl  #1),Eoin Colfer/Ana Alcaina,3.84,8497939204,9788497939201,spa,286,45,3,3/30/2006,DEBOLS!LLO,"Fantasy;Young Adult;Fiction;Childrens,Middle Grade;Childrens;Science Fiction;Adventure;Fantasy,Magic;Fantasy,Urban Fantasy;Audiobook"
32520,Sonnets,William Shakespeare/Stephen  Booth,4.25,0300085060,9780300085068,eng,583,104,6,7/11/2000,Yale University Press,"Poetry;Classics;Fiction;Literature;Romance;Plays;European Literature,British Literature;Academic,School;Classics,Classic Literature;Literature,17th Century"
18315,The Picture of Dorian Gray,Oscar Wilde,4.08,1420925288,9781420925289,en-US,124,838,52,1/1/2005,Digireads.com,"Classics;Fiction;Horror;Fantasy;Gothic;Literature;Novels;Literature,19th Century;LGBT;Classics,Classic Literature"
25279,Dragon's Gate (Golden Mountain Chronicles  #3),Laurence Yep,3.67,0064404897,9780064404891,en-US,352,1845,128,1/23/2001,HarperCollins,"Historical,Historical Fiction;Young Adult;Fiction;Cultural,China;Academic,School;Childrens;Historical;Childrens,Middle Grade;Adventure;Cultural,Asia"
30080,Beckett Football Card Price Guide,Dan Hitt/James Beckett III,0.0,1930692471,9781930692473,eng,830,0,0,9/1/2006,Beckett Media,
17040,American Government: Continuity and Change,Karen  O'Connor/Larry J. Sabato,2.83,0321209184,9780321209184,eng,792,1,0,3/4/2005,Longman Publishing Group,Political Science
41128,The Wild Shore (Three Californias Triptych  #1),Kim Stanley Robinson,3.75,0312890362,9780312890360,eng,384,2457,170,3/15/1995,Orb Books,"Science Fiction;Fiction;Apocalyptic,Post Apocalyptic;Science Fiction,Dystopia;Science Fiction,Apocalyptic;Speculative Fiction;Science Fiction Fantasy;Audiobook;Science Fiction,Alternate History;Adventure"
23845,The Nightmare Chronicles,Douglas Clegg,3.75,084394580X,9780843945805,en-US,360,409,32,9/1/1999,Leisure Books,Horror;Short Stories;Fiction;Anthologies
23963,You'll Have Had Your Hole,Irvine Welsh,3.51,0413728609,9780413728609,eng,76,227,5,4/2/1998,Bloomsbury Methuen Drama,Fiction;Drama;Plays
13500,Fevre Dream,George R.R. Martin,3.86,067145577X,9780671455774,eng,350,127,25,1/1/1982,Poseidon Press,"Fantasy;Horror;Paranormal,Vampires;Fiction;Historical,Historical Fiction;Historical;Fantasy,Paranormal;Fantasy,Supernatural;Fantasy,Urban Fantasy;Historical Fiction,Historical Fantasy"
20498,Reptiles and Amphibians (Smithsonian Handbooks),Mark O'Shea/Tim Halliday/Jonathan Metcalf,4.0,0789493934,9780789493934,eng,256,56,5,10/1/2002,DK Publishing (Dorling Kindersley),"Nonfiction;Animals;Reference;Science;Environment,Nature"
2923,Winterdance: The Fine Madness of Running the Iditarod,Gary Paulsen,4.26,0156001454,9780156001458,eng,272,5437,830,2/17/1995,Mariner Books,"Nonfiction;Autobiography,Memoir;Adventure;Animals;Animals,Dogs;Sports,Sports;Biography;Travel;Biography Memoir;Humor"
16947,Marxism and Literary Criticism,Terry Eagleton,3.89,0415285844,9780415285841,eng,84,646,33,6/13/2002,Routledge,"Philosophy;Nonfiction;Criticism,Literary Criticism;Philosophy,Theory;Literature;Criticism;Politics;Academic;European Literature,British Literature;Academic,Grad School"
37064,Divine Filth: Lost Writings (Modern Classics),Georges Bataille,3.88,1840681128,9781840681123,eng,160,76,2,9/15/2004,Creation Books,Poetry;Philosophy
23410,Pimsleur German Level 1 CD: [Lessons 1-30],Pimsleur Language Programs,4.23,0743518365,9780743518369,eng,16,58,10,4/1/2010,Pimsleur,Nonfiction
39031,The Cabinet of Curiosities (Pendergast  #3),Douglas Preston/Lincoln Child,4.25,0446611239,9780446611237,eng,629,34650,1722,6/1/2003,Warner Books,"Mystery;Thriller;Fiction;Horror;Thriller,Mystery Thriller;Suspense;Mystery,Crime;Adventure;Audiobook;Mystery,Detective"
35002,The One Minute Minute Sales Person,Spencer Johnson,3.78,0007104847,9780007104840,eng,109,68,7,6/1/2000,HarperCollins Publishers,"Business;Nonfiction;Self Help;Psychology;Business,Management;Audiobook;Self Help,Personal Development;Buisness;Economics,Finance;Business,Entrepreneurship"
6340,Homeric Moments: Clues to Delight in Reading the Odyssey and the Iliad,Eva Brann,4.3,0967967570,9780967967578,eng,326,118,13,9/1/2002,Paul Dry Books,"Classics;Poetry;Criticism,Literary Criticism;History;Nonfiction;Cultural,Greece;Criticism;Literature;History,Ancient History;Writing,Essays"
11318,Trouble Is My Business,Raymond Chandler,4.06,0394757645,9780394757643,eng,224,9606,258,8/12/1988,Vintage Crime/Black Lizard,"Mystery;Fiction;Mystery,Crime;Mystery,Noir;Short Stories;Mystery,Detective;Classics;Mystery,Hard Boiled;Thriller,Mystery Thriller;Thriller"
3649,The Last Life,Claire Messud,3.56,0156011654,9780156011655,eng,400,1426,201,9/28/2000,Mariner Books,"Fiction;Cultural,France;Young Adult,Coming Of Age;Contemporary;Northern Africa,Algeria;Novels;Literature;Literary Fiction;Historical,Historical Fiction;Young Adult"
10514,Travels in Hyperreality,Umberto Eco/John Radziewicz/William Weaver,3.89,0156913216,9780156913218,eng,324,2021,78,5/27/1990,Mariner Books,"Nonfiction;Philosophy;Writing,Essays;European Literature,Italian Literature;Cultural;Philosophy,Theory;History;Sociology;Cultural,Italy;Literature"
41485,I Heard That Song Before,Mary Higgins Clark,3.82,0743264916,9780743264914,eng,318,545,69,4/3/2007,Simon & Schuster,"Mystery;Fiction;Suspense;Thriller;Thriller,Mystery Thriller;Mystery,Crime;Romance;Adult;Mystery,Murder Mystery;Audiobook"
42211,Life Is a Dream and Other Spanish Classics (Eric Bentley's Dramatic Repertoire) - Volume II,Pedro Calderón de la Barca/Miguel de Cervantes Saavedra/Lope de Vega/Tirso de Molina/Roy Campbell/Eric Bentley,3.81,1557830061,73999140774,eng,298,61,4,4/1/2000,Applause Theatre & Cinema Book Publishers,"Plays;Drama;Plays,Theatre;Fiction;Classics"
40076,Artful Paper Dolls: New Ways to Play with a Traditional Form,Terry  Taylor,4.07,1579907156,9781579907150,eng,144,59,5,8/1/2006,Lark Books,"Art,Crafts;Art;Nonfiction;Reference"
28666,Fugitive Prince (Wars of Light and Shadow  #4),Janny Wurts,3.89,0061054682,9780061054686,eng,704,62,4,9/8/1998,HarperCollins Publishers,"Fantasy;Fantasy,Epic Fantasy;Fiction;Fantasy,High Fantasy;Science Fiction Fantasy;Science Fiction;Epic;Fantasy,Dragons;War;Unfinished"
31555,Phantoms in the Brain: Probing the Mysteries of the Human Mind,V.S. Ramachandran/Sandra Blakeslee/Oliver Sacks,4.26,0688172172,9780688172176,eng,352,15190,532,8/18/1999,William Morrow Paperbacks,"Psychology;Science;Nonfiction;Biology,Neuroscience;Health,Medicine;Neuroscience,Brain;Science,Biology;Medical;Philosophy;Science,Popular Science"
27674,On Christian Belief (Works of Saint Augustine),Augustine of Hippo/Boniface Ramsey/Michael Fiedrowicz,4.08,1565482344,9781565482340,eng,372,12,1,12/1/2005,New City Press,"Religion,Theology;Philosophy;Religion,Christianity"
31997,鋼之鍊金術師 5,Hiromu Arakawa/荒川弘/方郁仁,4.56,986114613X,9789861146133,zho,189,6,0,6/2/2004,東立,"Sequential Art,Manga;Fantasy;Sequential Art,Graphic Novels;Sequential Art,Comics;Fiction;Science Fiction;Science Fiction,Steampunk;Young Adult;Manga,Shonen;Adventure"
43229,Sweet Violence: The Idea of the Tragic,Terry Eagleton,4.0,0631233601,9780631233602,eng,348,85,8,9/27/2002,Wiley-Blackwell,"Philosophy;Nonfiction;Criticism,Literary Criticism;Philosophy,Theory;Criticism;Cultural;Reference,Research;Plays,Theatre;History;Tragedy"
13618,Death Note  Vol. 3: Hard Run (Death Note  #3),Tsugumi Ohba/Takeshi Obata/Pookie Rolf,4.43,1421501708,9781421501703,eng,200,22435,741,1/3/2006,VIZ Media LLC,"Sequential Art,Manga;Sequential Art,Graphic Novels;Fantasy;Sequential Art,Comics;Fiction;Horror;Mystery;Young Adult;Thriller;Mystery,Crime"
33536,Happy Hour at Casa Dracula (Casa Dracula  #1),Marta Acosta,3.59,1416520384,9781416520382,en-US,314,2000,238,7/4/2006,Pocket Books,"Paranormal,Vampires;Fantasy,Paranormal;Romance;Romance,Paranormal Romance;Fantasy;Womens Fiction,Chick Lit;Fiction;Fantasy,Urban Fantasy;Fantasy,Supernatural;Humor"
30323,Jane Eyre,Charlotte Brontë/Margaret Smith/Sally Shuttleworth,4.12,0192839659,9780192839657,eng,452,684,50,2/1/2001,Oxford University Press,"Classics;Fiction;Romance;Historical,Historical Fiction;Gothic;Literature;Historical;Academic,School;Literature,19th Century;Novels"
702,Modern Latin America,Thomas E. Skidmore/Peter H. Smith,3.59,019517013X,9780195170139,en-US,528,234,11,10/7/2004,Oxford University Press  USA,"History;Nonfiction;Politics;Academic,School;Textbooks;Science;Modern;Cultural,Latin American;History,World History;Literature,American"
14043,Romanee Conti: The World's Most Fabled Wine,Richard Olney,3.75,0847819272,9780847819270,eng,208,20,1,9/15/1995,Rizzoli International Publications,"Alcohol,Wine"
17313,The Oath,Frank E. Peretti,4.07,1595540458,9781595540454,eng,576,32,4,8/28/2005,Thomas Nelson,"Fiction;Christian;Horror;Christian Fiction;Thriller;Fantasy;Mystery;Religion;Adult;Religion,Christianity"
33932,The Hedgehog  the Fox & the Magister's Pox: Mending the Gap Between Science & the Humanities,Stephen Jay Gould,3.63,1400051533,9781400051533,eng,288,397,29,3/23/2004,Three Rivers Press,"Science;Nonfiction;Philosophy;History;Science,Biology;Writing,Essays;Biology,Evolution;Science,Popular Science;Science,Natural History;Environment,Nature"
3072,The Tenants,Bernard Malamud/Aleksandar Hemon,3.65,0374521026,9780374521028,eng,248,662,50,9/18/2003,Farrar  Straus and Giroux,"Fiction;Literature,Jewish;Novels;Classics;Literary Fiction;Literature,American;Race;The United States Of America;Literature,20th Century;American,Americana"
31975,Astonishing X-Men  Volume 2: Dangerous,Joss Whedon/John Cassaday,4.19,078511677X,9780785116776,eng,152,10769,282,6/27/2007,Marvel,"Sequential Art,Comics;Sequential Art,Graphic Novels;Superheroes,Marvel;Marvel,X Men;Comics,Superheroes;Comics,Comic Book;Fiction;Graphic Novels Comics;Science Fiction;Fantasy"
39035,Dancing on His Grave: A True Story of Survival and Triumph,Barbara Richard,3.76,1412086531,9781412086530,eng,296,16,4,6/5/2006,Trafford Publishing,Biography;Autobiography
31160,The Earth and Its Peoples: Volume II,Richard W. Bulliet/Daniel R. Headrick/David Northrup/Lyman L. Johnson/Pamela Kyle Crossley/Steven W. Hirsch/Steven Hirsch,4.07,0618471162,9780618471164,eng,34,9,0,5/9/2005,Cengage Learning,"Academic,School;History"
16005,Paradise Lost,John Milton/Gordon Teskey,3.82,0393924289,9780393924282,eng,590,1909,120,12/15/2004,W. W. Norton & Company,"Classics;Poetry;Fiction;Literature;Religion;Fantasy;Philosophy;Academic,School;Classics,Classic Literature;Epic"
10009,Homo Faber,Max Frisch,3.74,0156421356,9780156421355,eng,228,12491,267,5/1/1994,Mariner Books,"Classics;Fiction;European Literature,German Literature;Academic,School;Literature;Novels;Roman;Literature,20th Century;Cultural,Germany;Academic,Read For School"
27763,Cold Sleep (Cold Series #1),Narise Konohara/Nanao Saikawa/Douglas W. Dlin,3.73,1569708878,9781569708873,eng,226,278,14,8/9/2006,Digital Manga Publishing,"Manga,Yaoi;Sequential Art,Manga;Yaoi,Boys Love;Romance;Contemporary;Romance,M M Romance;Novels,Light Novel;LGBT;Fiction;Yaoi,Shounen Ai"
30634,What Christians Believe,C.S. Lewis,4.24,0060761539,9780060761530,en-US,98,566,73,2/22/2005,HarperOne,"Christian;Nonfiction;Religion,Christianity;Religion;Religion,Theology;Audiobook;Religion,Faith;Spirituality;Philosophy;Inspirational"
40526,Time and Again (Time  #1),Jack Finney,3.96,0575073608,9780575073609,eng,399,13760,1624,5/1/2012,Orion Publishing Group,"Science Fiction,Time Travel;Fiction;Science Fiction;Historical,Historical Fiction;Fantasy;Romance;Mystery;New York;Historical;Classics"
5190,Open House,Elizabeth Berg,3.7,0345435168,9780345435163,eng,272,54119,1629,5/1/2001,Ballantine Books,"Fiction;Womens Fiction,Chick Lit;Contemporary;Adult Fiction;Romance;Adult;Novels;Womens Fiction;Family Law,Divorce;Audiobook"
13042,Kate Vaiden,Reynolds Price,3.91,0684846942,9780684846941,eng,306,1345,114,5/29/1998,Scribner,"Fiction;American,Southern;Literary Fiction;Book Club;Novels;Adult Fiction;Literature,American;Historical,Historical Fiction;Literature;Classics"
43010,The Curious Incident of the Dog in the Night-Time,Mark Haddon,3.88,1419317261,9781419317262,eng,6,614,119,12/1/2006,Recorded Books,"Fiction;Mystery;Young Adult;Contemporary;Classics;Novels;Neurodiversity,Autistic Spectrum Disorder;Psychology;Academic,School;Literature"
22557,Wasteland of Flint,Thomas Harlan,3.79,0765341131,9780765341136,eng,512,291,38,2/1/2004,Tor Books,"Science Fiction;Science Fiction,Alternate History;Fiction;Space,Space Opera;Science Fiction Fantasy;Speculative Fiction;Adult Fiction;Fantasy"
41468,Dewdrops on a Lotus Leaf: Zen Poems of Ryokan,Ryōkan/John   Stevens,4.58,1590301080,9781590301081,eng,120,183,19,4/13/2004,Shambhala,"Poetry;Religion,Buddhism;Buddhism,Zen;Asian Literature,Japanese Literature;Cultural,Japan;Spirituality;Philosophy;Religion;Cultural,Asia"
37238,In the Land of the Lawn Weenies and Other Warped and Creepy Tales (Weenies series  #1),David Lubar,3.96,0765345706,9780765345707,en-US,256,720,69,6/16/2003,Starscape,"Short Stories;Humor;Horror;Fantasy;Fiction;Childrens;Young Adult;Childrens,Middle Grade;Anthologies;Fantasy,Paranormal"
32527,Alone (Detective D.D. Warren  #1),Lisa Gardner/Anna Fields,3.96,0553584537,9780553584530,eng,451,44349,1850,12/27/2005,Bantam,"Mystery;Thriller;Fiction;Mystery,Crime;Suspense;Thriller,Mystery Thriller;Audiobook;Adult;Mystery,Detective;Adult Fiction"
14535,El Perfume: Historia De Un Asesino,Patrick Süskind,4.02,8432216887,9788432216886,spa,312,17,1,2/19/2018,Planeta Publishing,"Fiction;Classics;Historical,Historical Fiction;Horror;Mystery;Thriller;Mystery,Crime;Historical;European Literature,German Literature;Novels"
13835,In the Hand of the Goddess (Song of the Lioness  #2),Tamora Pierce,4.24,0689878567,9780689878565,eng,264,77540,1396,1/1/2005,Simon Pulse,"Fantasy;Young Adult;Fiction;Fantasy,Magic;Adventure;Young Adult,Young Adult Fantasy;Romance;Fantasy,High Fantasy;Childrens,Middle Grade;Childrens"
5743,Seventy-Seven Clocks (Bryant & May #3),Christopher Fowler,3.89,0553587153,9780553587159,eng,496,2095,188,11/29/2005,Bantam Books,"Mystery;Fiction;Mystery,Crime;Thriller,Mystery Thriller;European Literature,British Literature;Historical,Historical Fiction;Mystery,Detective;Humor;Audiobook;Historical"
21214,Practice Makes Perfect: Italian Verb Tenses,Paola Nanni-Tate,4.0,0071451382,9780071451383,eng,252,9,1,11/23/2005,McGraw-Hill Companies,"European Literature,Italian Literature"
12299,The Scarlet Letter,Nathaniel Hawthorne,3.4,0743487567,9780743487566,eng,400,1373,68,5/1/2004,Simon & Schuster,"Classics;Fiction;Historical,Historical Fiction;Academic,School;Literature;Young Adult,High School;Academic,Read For School;Historical;Classics,Classic Literature;Novels"
8492,Prophet,Frank E. Peretti,3.94,1581345267,9781581345261,en-US,416,12789,221,3/11/2004,Crossway Books,"Christian Fiction;Fiction;Christian;Thriller;Fantasy;Suspense;Mystery;Religion;Religion,Christianity;Spirituality"
1540,The Oedipus Cycle: Oedipus Rex  Oedipus at Colonus  Antigone,Sophocles/Robert Fitzgerald/Dudley Fitts,3.97,015602764X,9780156027649,eng,259,45589,726,11/1/2002,Mariner Books,"Classics;Plays;Drama;Fiction;Fantasy,Mythology;Academic,School;Literature;Plays,Theatre;Poetry;Academic,Read For School"
3465,Three Weeks With My Brother,Nicholas Sparks/Micah Sparks,4.03,0446694851,9780446694858,eng,368,36784,2658,1/3/2006,Grand Central Publishing,"Nonfiction;Autobiography,Memoir;Biography;Travel;Romance;Biography Memoir;Biography,Autobiography;Adult;Audiobook;Womens Fiction,Chick Lit"
15186,American Film Guide,Frank N. Magill,0.0,0893562505,9780893562502,eng,5,0,0,1/1/1983,Salem Press Inc,
12853,Demons,Fyodor Dostoyevsky/Richard Pevear/Larissa Volokhonsky,4.27,0375411224,9780375411229,eng,733,214,27,10/24/2000,Everyman's Library,"Classics;Fiction;Cultural,Russia;Literature,Russian Literature;Literature;Philosophy;Novels;Literature,19th Century;Classics,Classic Literature;Politics"
3840,Don Quixote,Miguel de Cervantes Saavedra/Tobias Smollett/Carlos Fuentes,3.87,037575699X,9780375756993,eng,1168,393,40,4/10/2001,Modern Library,"Classics;Fiction;Literature;European Literature,Spanish Literature;Adventure;Historical,Historical Fiction;Novels;Cultural,Spain;Humor;Classics,Classic Literature"
8019,Little Miss Birthday,Roger Hargreaves/Adam Hargreaves,4.02,0843121319,9780843121315,eng,32,207,11,1/11/2007,Price Stern Sloan,"Childrens,Picture Books;Childrens;Fiction;Fantasy"
13467,Brit-Think  Ameri-Think: A Transatlantic Survival Guide,Jane Walmsley,3.26,0142001341,9780142001349,eng,160,269,40,2/25/2003,Penguin Books,"Nonfiction;Travel;Humor;Humanities,Language;Cultural;Psychology;European Literature,British Literature;Humor,Comedy;Culture,Society;Social Science"
30537,Cigarettes Are Sublime,Richard Klein,3.81,0822316412,9780822316411,en-US,232,138,18,1/20/1995,Duke University Press Books,"Nonfiction;History;Philosophy;Writing,Essays;Criticism,Literary Criticism;Cultural"
1814,2012: The Return of Quetzalcoatl,Daniel Pinchbeck,3.42,1585424838,9781585424832,en-US,408,1416,217,5/4/2006,Tarcher,"Nonfiction;Spirituality;Philosophy;Religion;History;Occult;Cultural;Spirituality,New Age;Philosophy,Metaphysics;Anthropology"
42929,Gai-Jin (Asian Saga  #3),James Clavell,3.86,044021680X,9780440216803,eng,1236,10757,296,4/3/1994,Dell,"Historical,Historical Fiction;Fiction;Cultural,Japan;Historical;Cultural,Asia;Adventure;Classics;Novels;Literature;Literature,Asian Literature"
29593,A Place So Foreign and Eight More,Cory Doctorow/Bruce Sterling,3.72,1568582862,9781568582863,eng,243,860,43,9/8/2003,Four Walls Eight Windows Press,"Science Fiction;Fiction;Short Stories;Fantasy;Anthologies,Collections;Speculative Fiction;Science Fiction,Cyberpunk;Anthologies;Science Fiction,Near Future;Science Fiction Fantasy"
16234,Hear the Wind Blow,Mary Downing Hahn,4.07,0618181903,9780618181902,eng,224,266,45,5/19/2003,Clarion Books,"Historical,Historical Fiction;Military History,Civil War;Historical;Young Adult;Childrens;War;Childrens,Juvenile;Adventure,Survival;Family;Realistic Fiction"
13177,Private Parts,Howard Stern,3.77,0671009443,9780671009441,eng,660,3878,151,3/1/1997,Pocket Books,"Biography;Nonfiction;Humor;Autobiography,Memoir;Humor,Comedy;Biography,Autobiography;Biography Memoir;Literature,Banned Books;Music;Literature,American"
12662,Caravans,James A. Michener,4.05,0812969820,9780812969825,eng,320,4753,400,9/9/2003,Dial Press Trade Paperback,"Historical,Historical Fiction;Fiction;Historical;Adventure;Cultural,Asia;Novels;Literature;Drama;Travel;Romance"
31995,鋼之鍊金術師 4,Hiromu Arakawa/荒川弘/方郁仁,4.55,9861146121,9789861146126,zho,189,5,0,6/2/2004,東立,"Sequential Art,Manga;Fantasy;Sequential Art,Comics;Sequential Art,Graphic Novels;Fiction;Science Fiction,Steampunk;Young Adult;Science Fiction;Manga,Shonen;Adventure"
35056,Sahara (Dirk Pitt  #11),Clive Cussler,3.96,0671521101,9780671521103,en-US,576,528,34,3/1/1995,Pocket Books,"Fiction;Adventure;Thriller;Action;Mystery;Suspense;Thriller,Mystery Thriller;Cultural,Africa;Historical,Historical Fiction;Adult Fiction"
35163,Star Trek: Logs Five and Six (Star Trek: Log  #5-6),Alan Dean Foster,3.65,0345495837,9780345495839,eng,388,35,0,9/5/2006,Del Rey Books,"Media Tie In,Star Trek;Science Fiction"
8840,Saint-Exupéry,Stacy Schiff/Antoine de Saint-Exupéry,4.02,0805079130,9780805079135,eng,560,208,27,2/7/2006,Holt Paperbacks,"Biography;Nonfiction;History;Aviation;Biography Memoir;Literature;Cultural,France;Writing,Books About Books"
1558,Oedipus Rex (Greek and Latin Classics),Sophocles/Roger D. Dawe,3.7,0521617359,9780521617352,grc,214,218,1,8/1/2006,Cambridge University Press,"Classics;Plays;Fiction;Drama;Academic,School;Fantasy,Mythology;Academic,Read For School;Plays,Theatre;Literature;Young Adult,High School"
18926,Conversations with Žižek,Slavoj Žižek/Glyn Daly,3.88,0745628974,9780745628974,eng,171,117,1,12/30/2003,Polity Press,"Philosophy;Politics;Philosophy,Theory;Nonfiction"
5989,Li Po and Tu Fu: Poems,Li Bai/Du Fu/Arthur Cooper/Shui Chien-Tung,4.14,0140442723,9780140442724,eng,256,389,28,4/26/1973,Penguin Classics,"Poetry;Cultural,China;Classics;Asian Literature,Chinese Literature;Cultural,Asia;Literature;Literature,Asian Literature;Nonfiction;History;Historical,Medieval"
7530,Autobiography of a Fat Bride: True Tales of a Pretend Adulthood,Laurie Notaro,3.98,037576092X,9780375760921,en-US,257,8009,455,7/8/2003,Villard,"Humor;Nonfiction;Autobiography,Memoir;Writing,Essays;Womens Fiction,Chick Lit;Humor,Comedy;Biography;Biography,Autobiography;Short Stories;Biography Memoir"
37387,The Prime of Miss Jean Brodie / The Girls of Slender Means / The Driver's Seat / The Only Problem,Muriel Spark,3.79,1857152743,9781857152746,eng,512,1477,90,5/6/2004,Random House,"Fiction;Classics;Novels;Short Stories;European Literature,British Literature;Literature;Literature,20th Century;Literary Fiction;Book Club;Womens"
12609,The Spirit Catches You and You Fall Down: A Hmong Child  Her American Doctors  and the Collision of Two Cultures,Anne Fadiman,4.17,0374525641,9780374525644,eng,341,60656,4194,9/30/1998,Noonday Press,"Nonfiction;Health,Medicine;Anthropology;Medical;Science;Biography;Autobiography,Memoir;History;Health;Sociology"
11033,The Seville Communion,Arturo Pérez-Reverte/Sonia Soto,3.68,0156029812,9780156029810,eng,400,3912,209,6/7/2004,Mariner Books,"Fiction;Mystery;Cultural,Spain;Thriller;European Literature,Spanish Literature;Historical,Historical Fiction;Mystery,Crime;Thriller,Mystery Thriller;Suspense;Literature"
4227,Angels & Demons (Robert Langdon  #1),Dan Brown,3.89,0743275063,9780743275064,en-US,528,1192,143,5/3/2005,Atria Books,"Fiction;Mystery;Thriller;Thriller,Mystery Thriller;Suspense;Adventure;Mystery,Crime;Historical,Historical Fiction;Novels;Adult"
35552,A Hard Day's Write: The Stories Behind Every Beatles Song,Steve Turner,4.18,0060844094,9780060844097,eng,224,156,10,10/18/2005,It Books,"Music;Nonfiction;Biography;History;Reference;Art;Culture,Pop Culture;Language,Writing;Biography,Music Biography;Music,Rock N Roll"
11389,Arrowsmith,Sinclair Lewis/E.L. Doctorow,3.82,0451526910,9780451526915,eng,428,5889,300,6/1/1953,Harcourt Brace Jovanovich,"Fiction;Classics;Literature;Historical,Historical Fiction;Health,Medicine;Novels;Medical;Literature,American;Literary Fiction;Nobel Prize"
14235,The Great Gatsby,F. Scott Fitzgerald,3.91,0891906797,9780891906797,eng,182,149,7,9/1/1925,Amereon Ltd,"Classics;Fiction;Academic,School;Historical,Historical Fiction;Literature;Romance;Novels;Academic,Read For School;Young Adult,High School;Literature,American"
21773,Blood Moon Over Britain,Morag McKendrick Pippin,3.44,0843955821,9780843955828,eng,323,17,4,12/1/2005,Leisure Books,"Romance,Historical Romance;Romance"
43476,The Criss Cross,Crystal Lacey Winslow,4.2,0971702128,9780971702127,en-US,360,110,16,8/1/2004,Melodrama Publishing,Fiction
31204,Tom Jones,Henry Fielding/Doreen Roberts,3.74,1853260215,9781853260216,eng,734,564,48,5/5/1992,Wordsworth Editions,"Classics;Fiction;Literature;Literature,18th Century;Humor;European Literature,British Literature;Novels;Historical,Historical Fiction;Romance;Literature,English Literature"
39763,The Mystical Poems of Rumi 1: First Selection  Poems 1-200,Rumi/A.J. Arberry,4.28,0226731510,9780226731513,eng,208,114,8,3/15/1974,University Of Chicago Press,"Poetry;Religion,Islam;Occult,Mysticism;Spirituality"
28409,The Masterpiece,Émile Zola/Roger Pearson,3.96,0192839632,9780192839633,eng,464,1977,101,7/22/1999,Oxford University Press,"Classics;Cultural,France;Fiction;European Literature,French Literature;Art;Literature,19th Century;Literature;Novels;Roman;Literary Fiction"
44936,Refactoring: Improving the Design of Existing Code,Martin Fowler/Kent Beck/Don Roberts/Erich Gamma,4.24,0201485672,9780201485677,eng,431,6086,222,7/8/1999,Addison-Wesley Professional,"Computer Science,Programming;Science,Technology;Science,Computer Science;Computer Science,Software;Computer Science,Technical;Nonfiction;Computer Science,Coding;Computer Science,Computers;Reference;Science,Engineering"
5349,The Rainmaker,John Grisham,3.94,0385339607,9780385339605,eng,419,151818,1489,9/27/2005,Delta,"Fiction;Thriller;Mystery;Thriller,Legal Thriller;Mystery,Crime;Suspense;Thriller,Mystery Thriller;Law;Novels;Adult Fiction"
27999,Close Range,Annie Proulx,3.99,0684852225,9780684852225,eng,285,12555,799,2/10/2000,Scribner,"Short Stories;Fiction;Westerns;LGBT;Literature;Literature,American;Contemporary;Literary Fiction;The United States Of America;LGBT,Queer"
28988,The Wishbones,Tom Perrotta,3.5,0425169715,9780425169711,eng,288,2172,158,7/1/1999,Berkley,"Fiction;Music;Contemporary;Humor;Realistic Fiction;Literary Fiction;Adult Fiction;Novels;Humor,Comedy;Literature,American"
38664,Pedro Páramo,Juan Rulfo,4.05,8433920707,9788433920706,spa,122,504,44,10/31/2013,Anagrama,"Fiction;Classics;Magical Realism;European Literature,Spanish Literature;Cultural,Latin American;Novels;Literature;Literature,Latin American Literature;Fantasy;Literature,20th Century"
4801,The Grapes of Wrath and Other Writings 1936–1941: The Long Valley / The Grapes of Wrath / The Log from the Sea of Cortez / The Harvest Gypsies,John Steinbeck/Elaine Steinbeck/Robert DeMott,4.41,1883011159,9781883011154,eng,1088,884,25,9/1/1996,Library of America,"Literature;Fiction;Literary Fiction;Classics;Novels;Anthologies,Collections;Literature,American;Short Stories;Travel"
26296,The Mystery of the Ancient Pyramid: Cairo  Egypt (Around the World in 80 Mysteries),Carole Marsh,3.61,0635034700,9780635034700,eng,128,27,4,3/6/2006,Gallopade International,Mystery;Adventure
4315,Zaat,Sonallah Ibrahim/صنع الله إبراهيم/Anthony Calderbank,3.55,9774248449,9789774248443,ara,349,122,12,3/15/2004,American University in Cairo Press,"Novels;Fiction;Northern Africa,Egypt;Literature;Historical,Historical Fiction;Social;Cultural,Africa;Media Tie In;Politics;African Literature,Egyptian Literature"
41716,Sahara (Dirk Pitt  #11),Clive Cussler,3.96,030720961X,9780307209610,spa,400,51807,724,1/11/2005,Debolsillo,"Fiction;Adventure;Thriller;Action;Mystery;Suspense;Thriller,Mystery Thriller;Cultural,Africa;Historical,Historical Fiction;Adult Fiction"
44545,We Are Michael Field,Emma Donoghue/Nick Drake,3.55,1899791663,9781899791668,en-US,152,50,4,10/1/1998,Absolute Press,"Biography;Nonfiction;Poetry;LGBT,Queer;History;LGBT;Criticism,Literary Criticism;LGBT,Lesbian;Biography Memoir"
11516,Les Larmes d'Icare,Dan Simmons/Jean-Daniel Brèque,3.81,220724038X,9782207240380,fre,357,0,0,3/15/1994,Denoël,"Science Fiction;Fiction;Fantasy;Horror;Novels;Literature,American;Space;Science Fiction Fantasy;Drama;Contemporary"
16286,The Magus,John Fowles,4.05,0316296198,9780316296199,eng,656,38247,1915,1/4/2001,Back Bay Books,"Fiction;Classics;Fantasy;Mystery;Literature;Novels;Literary Fiction;Cultural,Greece;European Literature,British Literature;Contemporary"
40223,Kushiel's Avatar (Phèdre's Trilogy  #3),Jacqueline Carey,4.36,1405034149,9781405034142,eng,702,29409,689,9/17/2004,Tor,"Fantasy;Romance;Fiction;Fantasy,Epic Fantasy;Fantasy,High Fantasy;Adult Fiction,Erotica;Science Fiction Fantasy;Adult;Romance,Fantasy Romance;Science Fiction,Alternate History"
33288,How to Win Friends and Influence People,Dale Carnegie,4.19,0091906814,9780091906818,eng,268,1842,104,4/6/2006,Vermilion,"Self Help;Nonfiction;Business;Psychology;Self Help,Personal Development;Leadership;Classics;Language,Communication;Audiobook;Relationships"
24783,Westmark (Westmark  #1),Lloyd Alexander,3.92,0141310685,9780141310688,eng,184,4222,180,1/14/2002,Firebird Books,"Fantasy;Young Adult;Fiction;Adventure;Childrens;Childrens,Middle Grade;Science Fiction Fantasy;Historical,Historical Fiction;Young Adult,Young Adult Fantasy;Young Adult,Teen"
38376,LOVE MODE 11,Yuki Shimizu/志水 ゆき,4.37,4835214102,9784835214108,jpn,182,4,0,1/10/2003,ビブロス,"Sequential Art,Manga;Manga,Yaoi;Yaoi,Boys Love;Romance;Romance,M M Romance;LGBT;Sequential Art,Comics;Drama;Fiction;European Literature,German Literature"
24893,That's Silly,William Sleator/Lawrence Di Fiori,3.6,0525409815,9780525409816,eng,46,5,2,4/14/1981,Dutton Books,
22542,Merlin's Tour of the Universe,Neil deGrasse Tyson,4.02,0385488351,9780385488358,eng,318,305,27,7/14/1997,Main Street Books,"Science;Nonfiction;Science,Astronomy;Science,Physics;Space;Science,Popular Science;Literature,20th Century;Business,Amazon;Literature,American;Education"
38970,Thorn in Her Side (The Princess School  #7),Jane B. Mason/Sarah Hines Stephens,3.88,0439798736,9780439798730,eng,144,214,8,1/1/2006,Scholastic Paperbacks,"Fantasy;Fantasy,Fairy Tales;Childrens,Middle Grade;Childrens;Fairy Tales,Fairy Tale Retellings;Fairy Tales,Princesses;Fiction;Kids;Academic,School"
17697,Collected Shorter Fiction: Volume I,Leo Tolstoy/Aylmer Maude/Nigel J. Cooper,4.41,0375411720,9780375411724,eng,848,72,10,8/7/2001,Everyman's Library,"Classics;Literature,Russian Literature;Cultural,Russia;Short Stories;Fiction;Literature;Literature,19th Century;War"
21031,When Nietzsche Wept,Irvin D. Yalom,4.32,0060748125,9780060748128,eng,310,25063,1031,1/4/2005,Harper Perennial,"Psychology;Fiction;Philosophy;Historical,Historical Fiction;Novels;Literature;Literature,American;Historical;Roman;Contemporary"
37390,The Pat Hobby Stories,F. Scott Fitzgerald/Arnold Gingrich,3.56,0684804425,9780684804422,eng,192,927,100,12/6/1995,Scribner,"Short Stories;Fiction;Classics;Literature,American;Literature;Literature,20th Century;The United States Of America;Humor;Culture,Film;Classics,Modern Classics"
37612,Monsoon Summer,Mitali Perkins,3.82,0440238404,9780440238409,eng,257,588,107,4/11/2006,Laurel Leaf Library,"Young Adult;Fiction;Cultural,India;Contemporary;Realistic Fiction;Romance;Young Adult,Teen;Family;Travel;Childrens,Middle Grade"
12855,Great Short Works of Fyodor Dostoevsky,Fyodor Dostoyevsky/Ronald Hingley,4.42,0060726466,9780060726461,eng,768,1330,29,7/6/2004,Harper Perennial Modern Classics,"Fiction;Short Stories;Classics;Literature;Cultural,Russia;Literature,Russian Literature;Philosophy;Literary Fiction;Literature,19th Century;Novels"
32829,Journey to the Center of the Earth (Extraordinary Voyages  #3),Jules Verne,3.86,0553213970,9780553213973,eng,240,107189,2510,4/25/2006,Bantam,"Classics;Science Fiction;Fiction;Adventure;Fantasy;Cultural,France;Literature;Novels;Audiobook;European Literature,French Literature"
3469,Nights in Rodanthe,Nicholas Sparks,3.84,0446691798,9780446691796,en-US,212,1596,157,8/1/2004,Warner Books,"Romance;Fiction;Womens Fiction,Chick Lit;Contemporary;Adult;Adult Fiction;Romance,Contemporary Romance;Love;Drama;Novels"
31818,The Philosophy of Andy Warhol (From A to B and Back Again),Andy Warhol,3.74,0156717204,9780156717205,eng,272,33697,402,4/6/1977,Mariner Books,"Art;Nonfiction;Philosophy;Biography;Autobiography,Memoir;Biography,Autobiography;Art,Art History;Writing,Essays;Design;Biography Memoir"
8014,Mr. Bump,Roger Hargreaves,4.03,0843178388,9780843178388,eng,32,1701,74,3/23/1998,Price Stern Sloan,"Childrens;Childrens,Picture Books;Fiction;Classics;Childrens,Juvenile;Young Adult;Fantasy;Humor"
3248,Aristophanes I: Clouds/Wasps/Birds,Aristophanes/Peter Meineck/Ian C. Storey,3.77,0872203603,9780872203600,eng,480,100,9,9/1/1998,Hackett Publishing Company  Inc. (USA),"Drama;Classics;Plays;Fiction;Poetry;Plays,Theatre;Humanities,Classical Studies;Humor,Comedy;Literature,Ancient"
27421,The Works and Days/Theogony/The Shield of Herakles,Hesiod/Richmond Lattimore,3.97,0472081616,9780472081615,eng,256,90,8,11/15/1991,University of Michigan Press,"Classics;Poetry;Fantasy,Mythology;Fiction;Literature;Cultural,Greece;Philosophy;Literature,Ancient;Religion;Mythology,Greek Mythology"
15654,The Stranger Beside Me: Ted Bundy: The Shocking Inside Story,Ann Rule,4.14,0451203267,9780451203267,eng,548,54029,2779,6/1/2001,Signet,"Crime,True Crime;Nonfiction;Mystery,Crime;Audiobook;Biography;Autobiography,Memoir;Mystery;History;Horror;Adult"
43738,Desolation Jones: Made in England,Warren Ellis/J.H. Williams III,3.93,140121150X,9781401211509,eng,144,1767,76,10/4/2006,Wildstorm,"Sequential Art,Comics;Sequential Art,Graphic Novels;Fiction;Mystery;Science Fiction;Comics,Comic Book;Graphic Novels Comics;Mystery,Crime;Spy Thriller,Espionage;Mystery,Noir"
9475,Midnight for Charlie Bone (The Children of the Red King  #1),Jenny Nimmo,3.82,0439474299,9780439474290,eng,401,36853,1725,3/1/2003,Orchard Books,"Fantasy;Young Adult;Childrens,Middle Grade;Childrens;Fiction;Fantasy,Magic;Adventure;Mystery;Childrens,Juvenile;Young Adult,Young Adult Fantasy"
44350,Beautiful Boys (Weetzie Bat  #4-5),Francesca Lia Block,4.43,0060594357,9780060594350,en-US,304,413,5,7/6/2004,HarperTeen,"Young Adult;Fiction;Magical Realism;Fantasy;Young Adult,Teen"
23521,Mythology: Timeless Tales of Gods and Heroes,Edith Hamilton,4.0,0446607258,9780446607254,eng,330,1747,192,8/1/1999,Warner,"History;Reference;Religion;Classics;Academic,School;Literature;Short Stories;Historical;Academic,Read For School;Young Adult,High School"
17766,Master and Commander (Aubrey/Maturin Book 1),Patrick O'Brian,4.1,073931565X,9780739315651,eng,0,1,0,3/9/2004,Random House Audio,"Historical,Historical Fiction;Fiction;Historical;Adventure;Classics;War;Audiobook;War,Military Fiction;Literature;Novels"
13194,Green Arrow  Vol. 1: Quiver,Kevin Smith/Phil Hester/Ande Parks,4.07,1563899655,9781563899652,en-US,232,5299,131,12/16/2008,DC Comics,"Sequential Art,Comics;Sequential Art,Graphic Novels;Superheroes,Dc Comics;Comics,Superheroes;Comics,Comic Book;Graphic Novels Comics;Fiction;Fantasy;Young Adult;Science Fiction"
36571,Shadows At Sunset,Anne Stuart,3.63,1551665719,9781551665719,eng,384,762,38,8/25/2000,MIRA,"Romance;Romance,Romantic Suspense;Romance,Contemporary Romance;Contemporary;Suspense;Paranormal,Ghosts;Mystery;Fantasy,Paranormal;Thriller,Mystery Thriller;Romance,Paranormal Romance"
13730,Bleach  Volume 18,Tite Kubo,4.34,1421510421,9781421510422,eng,208,7781,70,4/3/2007,VIZ Media LLC,"Sequential Art,Manga;Fantasy;Sequential Art,Graphic Novels;Sequential Art,Comics;Manga,Shonen;Action;Fantasy,Paranormal;Fiction;Adventure;Young Adult"
21223,The Cambridge Companion to Schopenhauer,Christopher Janaway,3.83,0521629241,9780521629249,eng,494,23,3,1/20/2000,Cambridge University Press,Philosophy;Nonfiction;History;Reference
15173,The Used World,Haven Kimmel,3.63,0743247787,9780743247788,eng,308,1398,249,9/18/2007,Free Press,Fiction;Novels;Contemporary;Humor;Love;Adult;Audiobook;Womens;Literature;Unfinished
356,Time for the Stars (Heinlein's Juveniles  #10),Robert A. Heinlein,3.97,0765314932,9780765314932,eng,256,6898,200,8/8/2006,Tor Books,"Science Fiction;Fiction;Young Adult;Science Fiction Fantasy;Adventure;Audiobook;Childrens,Juvenile;Classics;Speculative Fiction;Fantasy"
16530,Aphrodite: A Memoir of the Senses,Isabel Allende/Robert Shekter/Panchita Llona,3.64,0060930179,9780060930172,eng,320,3732,195,4/7/1999,Harper Perennial,"Nonfiction;Food and Drink,Food;Autobiography,Memoir;Food and Drink,Cooking;Biography;Food and Drink,Cookbooks;European Literature,Spanish Literature;Biography Memoir;Romance;Cultural,Latin American"
16335,The Mystery of the Blue Train (Hercule Poirot  #6),Agatha Christie,3.8,1579126952,9781579126957,eng,317,23274,1053,3/30/2007,Black Dog & Leventhal Publishers,"Mystery;Fiction;Mystery,Crime;Classics;Thriller,Mystery Thriller;Mystery,Detective;Audiobook;Mystery,Murder Mystery;European Literature,British Literature;Thriller"
13664,Catwings (Catwings #1),Ursula K. Le Guin/S.D. Schindler,4.09,0439551897,9780439551892,eng,40,6598,600,5/1/2003,Orchard Books,"Fantasy;Childrens;Fiction;Animals;Animals,Cats;Childrens,Middle Grade;Childrens,Chapter Books;Childrens,Picture Books;Young Adult;Childrens,Juvenile"
3750,Moonraker (James Bond  #3),Ian Fleming,3.74,0142002062,9780142002063,eng,247,15204,780,12/31/2002,Penguin Books,"Fiction;Thriller;Spy Thriller,Espionage;Mystery;Adventure;Classics;Audiobook;Thriller,Mystery Thriller;Mystery,Crime;Thriller,Spy Thriller"
29140,Melliandra,J.V. Jones,3.79,3404204077,9783404204076,ger,734,5,0,3/1/2001,Lübbe,"Fantasy;Fiction;Fantasy,Epic Fantasy;Science Fiction Fantasy;Fantasy,High Fantasy;Adventure;Fantasy,Magic;Epic;Young Adult;Adult"
30041,Elric of Melnibone: Bright Shadows,Charles  Green/Richard Ford/Pascal Quidault,4.0,1905850581,9781905850587,eng,98,8,0,4/1/2008,Mongoose Publishing,Games
31054,For the Love of a Dog: Understanding Emotion in You and Your Best Friend,Patricia B. McConnell,4.33,0345477146,9780345477149,en-US,382,2132,132,8/29/2006,Ballantine Books,"Animals,Dogs;Nonfiction;Animals;Science;Psychology;Audiobook;Environment,Nature;Self Help;Literature,21st Century;Love"
40530,Time and Again: Time Was / Times Change,Nora Roberts,3.77,0373484410,9780373484416,eng,505,7574,194,8/24/2001,Silhouette,"Romance;Science Fiction,Time Travel;Fiction;Romance,Contemporary Romance;Fantasy;Science Fiction;Romance,Paranormal Romance;Contemporary;Fantasy,Paranormal;Womens Fiction,Chick Lit"
28400,Combray (Remembrance of Things Past  #1),Stéphane Heuet/Marcel Proust/Joe  Johnson,3.79,1561632899,9781561632893,eng,72,36,9,1/1/2001,Nantier Beall Minoustchine Publishing,"Sequential Art,Graphic Novels;Sequential Art,Comics;Fiction;Cultural,France;Classics;Sequential Art,Bande Dessinée;Graphic Novels Comics;Literary Fiction;Comics,Comic Book"
20117,Joy Within,Joan Goldstein/Manuela Soares,4.38,0671763792,9780671763794,en-US,144,8,3,11/15/1990,Simon  Schuster,Psychology
13530,Foreign Correspondence: A Pen Pal's Journey from Down Under to All Over,Geraldine Brooks,3.85,0385483732,9780385483735,eng,240,1428,204,1/19/1999,Anchor Books,"Nonfiction;Autobiography,Memoir;Travel;Cultural,Australia;Biography;Biography Memoir;Biography,Autobiography;History;Female Authors;Adventure"
24836,The Floating Opera and The End of the Road,John Barth,4.03,0385240899,9780385240895,eng,442,1933,115,3/11/1997,Anchor Books,"Fiction;Literature,American;Literature;Novels;Classics;Literary Fiction;Literature,20th Century;American,American Fiction;The United States Of America;Contemporary"
28872,A Practical Guide to Dragons,Lisa Trumbauer/Emily Fiegenshuh,4.33,0786941642,9780786941643,eng,80,577,36,9/26/2006,Mirrorstone,"Fantasy;Fantasy,Dragons;Fiction;Childrens,Picture Books;Dungeons and Dragons,Dragonlance;Childrens;Art;Fantasy,Mythology;Role Playing Games,Dungeons and Dragons;Fantasy,High Fantasy"
22114,Un train d'or pour la Crimée,Michael Crichton,3.86,226607007X,9782266070072,fre,342,16,3,1/13/1999,Pocket,"Fiction;Historical,Historical Fiction;Thriller;Mystery;Mystery,Crime;Historical;Adventure;Audiobook;Thriller,Mystery Thriller;European Literature,British Literature"
27526,Desecration (Left Behind  #9),Tim LaHaye/Jerry B. Jenkins,4.01,0842332294,9780842332293,eng,432,21603,261,5/20/2002,Tyndale House Publishers,"Christian Fiction;Christian;Fiction;Religion;Fantasy;Thriller;Religion,Christianity;Religion,Faith;Spirituality;Science Fiction,Apocalyptic"
36023,Tim Burton: Interviews,Kristian Fraga,4.26,1578067596,9781578067596,eng,192,103,7,1/22/2010,University Press of Mississippi,"Nonfiction;Culture,Film"
24761,An Acceptable Time (Time Quintet  #5),Madeleine L'Engle,3.82,0440208149,9780440208143,eng,343,16434,639,12/1/1990,Laurel Leaf Books,"Fantasy;Young Adult;Fiction;Science Fiction;Childrens;Classics;Science Fiction,Time Travel;Childrens,Middle Grade;Science Fiction Fantasy;Adventure"
5497,Akhenaten: Dweller in Truth,Naguib Mahfouz/Tagreid Abu-Hassabo,3.81,0385499094,9780385499095,eng,168,1282,139,4/4/2000,Anchor,"Historical,Historical Fiction;Fiction;Northern Africa,Egypt;Novels;Cultural,Africa;Historical;Literature;Classics;African Literature,Egyptian Literature;Literary Fiction"
27609,Whites,Norman Rush,3.77,0679738169,9780679738169,eng,160,382,42,9/1/1992,Vintage,"Short Stories;Fiction;Cultural,Africa;Southern Africa,Botswana;Literary Fiction;Literature,American"
12844,Power of Silence,Carlos Castañeda,4.22,067173248X,9780671732486,eng,288,2253,53,6/1/1991,Washington Square Press,"Philosophy;Spirituality;Nonfiction;Anthropology;Psychology;Occult,Mysticism;Philosophy,Metaphysics;Spirituality,New Age;Religion;Biography"
38830,Stranger from the Past,Penny Jordan,3.23,0373115997,9780373115990,eng,224,29,7,9/24/1993,Harlequin Presents,"Category Romance,Harlequin;Romance;Harlequin,Harlequin Presents;Romance,Contemporary Romance;Asian Literature,Indonesian Literature;Harlequin,Hqn;Harlequin,Harlequin Romance"
43959,Margherita Dolce Vita,Stefano Benni/Antony Shugaar,3.71,1933372206,9781933372204,en-US,208,1704,100,11/1/2006,Europa Editions,"Fiction;Cultural,Italy;European Literature,Italian Literature;Humor;Fantasy;Novels;Literature,21st Century;Contemporary;Cultural,International;Young Adult"
214,Sideswipe: A Hoke Moseley Novel,Charles Willeford/Lawrence Block,4.05,1400032482,9781400032488,eng,215,731,72,3/8/2005,Vintage Crime/Black Lizard,"Mystery,Crime;Fiction;Mystery,Noir;Mystery;Mystery,Hard Boiled;Thriller;Mystery,Detective;Literature,American;Thriller,Mystery Thriller;Adult"
25210,The Golden Country,Shūsaku Endō/Francis Mathy,3.79,0804833370,9780804833370,eng,128,47,4,8/15/2003,Tuttle Publishing,"Fiction;Cultural,Japan;Historical,Historical Fiction;Plays;Asian Literature,Japanese Literature;Drama;Religion,Christianity;Plays,Theatre;Literature;Historical"
24955,Danny  Champion Du Monde,Roald Dahl,4.09,201321894X,9782013218948,fre,281,7,0,9/5/2001,Hachette,"Childrens;Fiction;Classics;Young Adult;Fantasy;Childrens,Middle Grade;Adventure;Humor;Audiobook;Novels"
16307,Hallowe'en Party (Hercule Poirot  #39),Agatha Christie,3.66,0007120680,9780007120680,eng,336,20656,1246,9/3/2001,Harper,"Mystery;Fiction;Mystery,Crime;Classics;Thriller,Mystery Thriller;Holiday,Halloween;Mystery,Detective;Audiobook;European Literature,British Literature;Adult"
25376,The Mystery Method: How to Get Beautiful Women Into Bed,Mystery/Neil Strauss,3.7,0312360118,9780312360115,en-US,240,2208,116,2/6/2007,St. Martin's Press,"Psychology;Self Help;Relationships;Nonfiction;Social;Self Help,Personal Development;Love;Mystery;Philosophy;Sexuality"
21719,Kisscut (Grant County  #2),Karin Slaughter,4.09,0060534044,9780060534042,eng,436,25675,1096,9/30/2003,HarperTorch,"Mystery;Thriller;Mystery,Crime;Fiction;Thriller,Mystery Thriller;Suspense;Audiobook;Adult;Mystery,Detective;Contemporary"
35329,The Body Remembers: The Psychophysiology of Trauma and Trauma Treatment,Babette Rothschild,4.27,0393703274,9780393703276,eng,208,1506,45,10/17/2000,W. W. Norton  Company,"Psychology;Nonfiction;Health,Mental Health;Self Help;Psychology,Counselling;Social Science,Social Work;Health;Science;Medicine,Psychiatry;Neuroscience,Brain"
24119,M Is for Mayflower: A Massachusetts Alphabet,Margot Theis Raven/Jeannie Brett,4.0,1585360724,9781585360727,eng,40,27,4,10/1/2002,Sleeping Bear Press,"Childrens;Childrens,Picture Books;Nonfiction"
19910,Master of Wolves (Mageverse  #3),Angela Knight,4.17,0425207439,9780425207437,eng,294,3798,56,4/4/2006,Berkley,"Romance,Paranormal Romance;Fantasy,Paranormal;Romance;Fantasy;Paranormal,Vampires;Paranormal,Shapeshifters;Shapeshifters,Werewolves;Fantasy,Magic;Contemporary;Fantasy,Urban Fantasy"
35248,Essential Monster of Frankenstein  Vol. 1,Gary Friedrich/Doug Moench/John Buscema/Mike Ploog/Val Mayerick,3.62,0785116346,9780785116349,eng,496,69,7,10/20/2004,Marvel Comics,"Sequential Art,Comics;Sequential Art,Graphic Novels;Horror;Superheroes,Marvel;Horror,Victor Frankenstein;Fiction;Fantasy"
18846,Virginia Woolf,Hermione Lee,4.26,0375701362,9780375701368,eng,893,2807,113,10/5/1999,Vintage,"Biography;Nonfiction;Biography Memoir;History;Feminism;Literature;European Literature,British Literature;Womens;Autobiography,Memoir;Literature,20th Century"
21782,Heat,William Goldman,3.37,0446300004,9780446300001,eng,244,242,17,9/1/1986,Warner Books (NY),Fiction;Thriller;Action
19913,Master of the Moon (Mageverse #2),Angela Knight,4.14,0425203573,9780425203576,eng,336,2882,56,5/3/2005,Berkley Sensation,"Romance,Paranormal Romance;Fantasy,Paranormal;Romance;Fantasy;Paranormal,Vampires;Paranormal,Shapeshifters;Fairies,Fae;Fantasy,Magic;Fiction;Shapeshifters,Werewolves"
11752,Lost in the City,Edward P. Jones,4.03,006079528X,9780060795283,eng,268,2228,241,11/30/2004,Amistad Press,"Short Stories;Fiction;Historical,Historical Fiction;Cultural,African American;Literary Fiction;Race;Superheroes,Dc Comics;The United States Of America;Literature;American,African American Literature"
43641,Water for Elephants,Sara Gruen,4.09,1565125606,9781565125605,eng,335,1260027,52759,5/1/2007,Algonquin Books,"Fiction;Historical,Historical Fiction;Romance;Historical;Adult;Adult Fiction;Contemporary;Book Club;Novels;Audiobook"
44958,Landscape Within: Insights and Inspirations for Photographers,David   Ward/Joe Cornish,4.36,190253834X,9781902538341,eng,128,22,3,11/1/2004,Aurum Press,"Art,Photography"
30112,America Alone: The End of the World As We Know It,Mark Steyn,4.13,0895260786,9780895260789,eng,224,3095,362,10/1/2006,Regnery Publishing,"Politics;Nonfiction;History;Religion,Islam;Religion;Cultural;War,Terrorism;Philosophy;Politics,Political Science;Economics"
42603,Black Like Me,John Howard Griffin,4.13,0451208641,9780451208644,eng,208,53790,2118,5/6/2003,Berkley Books,"Nonfiction;History;Autobiography,Memoir;Classics;Biography;Race;Cultural,African American;Sociology;Biography Memoir;Biography,Autobiography"
43932,Drop Shot (Myron Bolitar  #2),Harlan Coben/Martine Leconte,3.94,0440220459,9780440220459,eng,341,20461,981,2/5/1996,Dell Publishing Company,"Mystery;Fiction;Thriller;Mystery,Crime;Thriller,Mystery Thriller;Suspense;Audiobook;Sports,Sports;Adult;Mystery,Detective"
6745,Wild Things (Prowlers Book 1),Christopher Golden,4.03,074344017X,9780743440172,eng,311,7,0,4/7/2003,Pocket Books,"Fantasy,Supernatural;Horror;Fantasy,Urban Fantasy;Fantasy;Young Adult;Shapeshifters,Werewolves;Fiction"
22832,Lum: Urusei Yatsura. Perfect Collection (Urusei Yatsura  #1),Rumiko Takahashi,3.97,156931019X,9781569310199,en-US,400,131,7,6/5/1997,Viz Media,"Sequential Art,Manga;Sequential Art,Comics;Sequential Art,Graphic Novels;Humor;Romance;Science Fiction;Classics;Fiction"
11541,Swan Song,Robert R. McCammon,4.28,067162413X,9780671624132,eng,956,147,23,6/1/1987,Pocket Books,"Horror;Fiction;Apocalyptic,Post Apocalyptic;Fantasy;Science Fiction;Science Fiction,Dystopia;Science Fiction,Apocalyptic;Thriller;Audiobook;Science Fiction Fantasy"
29946,Illusions: The Adventures of a Reluctant Messiah,Richard Bach,4.15,0099427869,9780099427865,eng,144,50816,1906,3/12/2001,Arrow Books Ltd,Fiction;Philosophy;Spirituality;Fantasy;Classics;Religion;Inspirational;Self Help;Novels;Literature
244,The Puffin Book of Nonsense Verse,Quentin Blake,4.02,0140366601,9780140366600,eng,287,81,6,10/3/1996,Puffin,Poetry;Childrens;Humor;Anthologies;Fiction
11399,Living on the Ragged Edge: Finding Joy in a World Gone Mad: Workbook,Charles R. Swindoll,4.2,1418503460,9781418503468,en-US,268,3,0,4/6/2005,Nelson Reference & Electronic Publishing,Reference
20848,Catch That Pass!,Matt Christopher,3.91,0316139246,9780316139243,eng,130,290,23,9/1/1989,Little  Brown Books for Young Readers,"Sports,Sports;Realistic Fiction;Fiction;Football;Childrens;Young Adult"
12335,Savage Beauty: The Life of Edna St. Vincent Millay,Nancy Milford,4.01,0375760814,9780375760815,eng,608,6799,483,9/10/2002,Random House Trade,"Biography;Nonfiction;Poetry;Biography Memoir;History;Feminism;Womens;Autobiography,Memoir;Language,Writing;LGBT,Queer"
15058,I'm Telling You Stories: Jeanette Winterson and the Politics of Reading (Postmodern Studies 25),Helena Grice/Tim Woods,3.7,9042003405,9789042003408,eng,136,10,2,1/1/1998,Brill/Rodopi,Nonfiction
330,On Beyond Zebra!,Dr. Seuss,4.04,0394800842,9780394800844,eng,64,2815,164,9/12/1955,Random House Books for Young Readers,"Childrens,Picture Books;Childrens;Fiction;Poetry;Classics;Animals;Humor;Fantasy;Childrens,Juvenile;Academic,School"
6595,Big Bad Wolf,Linda Jones,3.8,0505521792,9780505521798,eng,359,123,6,2/27/1997,Love Spell,"Romance;Romance,Historical Romance;Fantasy;Fantasy,Fairy Tales;Fairy Tales,Fairy Tale Retellings;Historical;Romance,Paranormal Romance;Adult;Fiction"
28395,Remembrance of Things Past: Volume II - The Guermantes Way & Cities of the Plain,Marcel Proust/C.K. Scott Moncrieff/Terence Kilmartin,4.53,0394711831,9780394711836,en-US,1216,866,42,8/27/1982,Vintage,"Fiction;Classics;Literature;Cultural,France;Novels;European Literature,French Literature;Literature,20th Century;Literary Fiction;Philosophy;Classics,Classic Literature"
45119,The Breaker,Minette Walters,3.62,0515128821,9780515128826,eng,384,2919,142,8/1/2000,Jove,"Mystery;Mystery,Crime;Fiction;Thriller;Thriller,Mystery Thriller;Suspense;European Literature,British Literature;Mystery,Detective;Mystery,Murder Mystery;Novels"
2880,Bleach  Volume 01,Tite Kubo,4.22,1591164419,9781591164418,eng,200,140403,1063,5/19/2004,VIZ Media LLC,"Sequential Art,Manga;Fantasy;Sequential Art,Graphic Novels;Sequential Art,Comics;Fiction;Young Adult;Media Tie In,Anime;Comics Manga;Action;Manga,Shonen"
10826,Charlotte's Web,E.B. White/Garth Williams,4.17,0061228745,9780061228742,eng,179,7,1,11/1/2006,HarperEntertainment,"Classics;Fiction;Childrens;Fantasy;Young Adult;Childrens,Middle Grade;Animals;Academic,School;Childrens,Chapter Books;Childrens,Juvenile"
42408,Babar's World Tour,Laurent de Brunhoff,3.82,0810957809,9780810957800,en-US,48,69,12,9/1/2005,Harry N. Abrams,"Childrens;Childrens,Picture Books;Animals"
2820,The Birth of Tragedy and Other Writings,Friedrich Nietzsche/Raymond Geuss/Ronald Speirs,4.04,0521639875,9780521639873,eng,204,388,23,4/22/1999,Cambridge University Press,"Philosophy;Nonfiction;Fantasy,Mythology;European Literature,German Literature;Classics;Literature,19th Century;Reference;Plays,Theatre;Music;History"
8628,The Making of Master and Commander: The Far Side of the World,Tom McGregor,3.97,0393325539,9780393325539,eng,168,96,13,10/17/2003,W. W. Norton  Company,"Nonfiction;Culture,Film;History"
25015,The River at the Center of the World: A Journey Up the Yangtze & Back in Chinese Time,Simon Winchester,3.92,0312423373,9780312423377,eng,416,1398,95,4/1/2004,Picador,"Travel;Cultural,China;Nonfiction;History;Cultural,Asia;Science,Geography;Autobiography,Memoir;Adventure;Cultural;Anthropology"
26092,Double Identity,Margaret Peterson Haddix,4.02,0689873743,9780689873744,eng,224,276,52,10/1/2005,Simon  Schuster Books for Young Readers,"Young Adult;Science Fiction;Fiction;Mystery;Fantasy;Childrens,Middle Grade;Childrens;Suspense;Young Adult,Teen;Adventure"
13485,Think Like a Guy: How to Get a Guy by Thinking Like One,Giuliana DePandi,3.15,0312354371,9780312354374,en-US,172,115,23,6/27/2006,St. Martin's Griffin,Self Help;Nonfiction;Relationships
32433,The Key to Midnight,Dean Koontz/Leigh Nichols,3.95,0425147517,9780425147511,eng,419,24594,239,6/1/1995,Berkley Books,"Horror;Fiction;Thriller;Mystery;Suspense;Thriller,Mystery Thriller;Science Fiction;Mystery,Detective;Adult Fiction;Adult"
30367,Riley in the Morning,Sandra Brown,3.44,9792234799,9789792234794,eng,224,2268,49,11/27/2008,Gramedia Pustaka Utama,"Romance;Romance,Contemporary Romance;Contemporary;Fiction;Category Romance,Harlequin;Adult;Romance,Romantic Suspense;Category Romance,Loveswept;Adult Fiction;Mystery"
43960,Living La Dolce Vita: Bring the Passion  Laughter  and Serenity of Italy Into Your Daily Life,Raeleen D'Agostino Mautner,3.76,1570719276,760789719271,eng,272,110,11,4/1/2003,Sourcebooks,"Cultural,Italy;Self Help;Language,Writing;European Literature,Italian Literature"
26766,Dark Water's Embrace (Mictlan  #1),Stephen Leigh,3.77,0380794780,9780380794782,eng,331,78,10,3/1/1998,Harper Voyager,"Science Fiction;Fiction;LGBT;Gender;LGBT,Lesbian;Adult;LGBT,Transgender"
22514,The Beatles and Philosophy: Nothing You Can Think that Can't Be Thunk,Michael Baur/Steven Baur/James S. Spiegel,3.63,0812696069,9780812696066,eng,288,157,14,10/25/2006,Open Court,"Philosophy;Music;Nonfiction;Cultural;Culture,Pop Culture"
4653,Until I Find You,John Irving,3.63,0552773123,9780552773126,eng,928,198,33,8/1/2006,Black Swan,"Fiction;Contemporary;Literature;Novels;Literary Fiction;Young Adult,Coming Of Age;Literature,American;The United States Of America;Drama;Unfinished"
36958,Captain Cat,Syd Hoff,3.65,0064441768,9780064441766,eng,48,110,15,4/22/1994,HarperCollins,"Childrens,Picture Books;Childrens;Animals,Cats;Animals"
4404,American Gods,Neil Gaiman,4.11,0060010606,9780060010607,eng,635,1211,169,6/1/2001,PerfectBound (HarperCollins),"Fantasy;Fiction;Fantasy,Mythology;Fantasy,Urban Fantasy;Audiobook;Science Fiction;Science Fiction Fantasy;Adult;Contemporary;Horror"
7772,Dr. Seuss's Sleep Book,Dr. Seuss,4.17,0394800915,9780394800912,eng,58,8967,351,7/24/2012,New York: Random House,"Childrens;Childrens,Picture Books;Fiction;Poetry;Classics;Humor;Kids;Fantasy;Childrens,Juvenile;Young Adult"
21710,Corroborating Evidence: The Black Dahlia Murder,William T. Rasmussen,3.39,0865344922,9780865344921,eng,234,12,1,10/30/2005,Sunstone Press,"Crime,True Crime"
38992,Second Home: Finding Your Place in the Fun (Better Homes and Gardens),Denny Caringer/Better Homes and Gardens,3.83,0696211521,9780696211522,eng,216,6,1,10/15/2000,Better Homes and Gardens Books,House;Home
6870,Enduring Love,Ian McEwan,3.63,0099481243,9780099481249,eng,245,30776,1515,10/28/2004,Vintage,"Fiction;Contemporary;Literary Fiction;Literature;European Literature,British Literature;Novels;Romance;Literature,20th Century;Thriller;Adult"
29058,Cervantes in Algiers: A Captive's Tale,Maria Antonia Garcés,3.14,0826514707,9780826514707,eng,368,7,1,6/1/2005,Vanderbilt University Press,Literary Criticism
35786,The Bush Dyslexicon: Observations on a National Disorder,Mark Crispin Miller,3.56,0393322963,9780393322965,eng,370,209,19,6/17/2002,W. W. Norton  Company,Politics;Nonfiction;Humor;Unfinished
1718,Metamorphoses,Ovid/Bernard Knox/Charles    Martin,4.05,0393058107,9780393058109,eng,624,30,8,11/17/2003,W. W. Norton  Company,"Classics;Poetry;Fantasy,Mythology;Fiction;Literature;Fantasy;Literature,Ancient;Philosophy;Mythology,Greek Mythology;Academic,School"
43081,Marching Powder: A True Story of Friendship  Cocaine  and South America's Strangest Jail,Rusty Young/Thomas McFadden,4.26,0312330340,9780312330347,eng,400,11121,522,5/1/2004,St. Martin's Griffin,"Nonfiction;Travel;Biography;Mystery,Crime;Autobiography,Memoir;Crime,True Crime;Cultural,Bolivia;Book Club;History;Biography Memoir"
45325,Joseph Cornell: Secrets in a Box (Adventures in Art),Alison Baverstock/Joseph Cornell/Christopher Wynne,4.03,3791329286,9783791329284,eng,27,32,5,9/1/2003,Prestel Publishing,Art;Childrens;Biography
15420,Stork Naked (Xanth  #30),Piers Anthony,3.88,0765304090,9780765304094,en-US,304,1833,31,10/31/2006,Tor Books,"Fantasy;Fiction;Humor;Science Fiction Fantasy;Science Fiction;Young Adult;Adventure;Adult;Romance;Fantasy,Magic"
9897,Jesus' Son,Denis Johnson,4.09,041377242X,9780413772428,eng,192,321,30,1/23/2007,Methuen Publishing,"Short Stories;Fiction;Contemporary;Literature;Literature,American;Literary Fiction;Classics;Literature,20th Century;Novels;The United States Of America"
41093,Men  Martians and Machines,Eric Frank Russell/George Zebrowski/Isaac Asimov,3.77,0517551853,9780517551851,eng,216,164,14,2/1/1984,Crown Publishers,"Science Fiction;Fiction;Anthologies;Short Stories;Space,Space Opera;Science Fiction Fantasy"
12172,Memoirs of Hadrian,Marguerite Yourcenar/Grace Frick,4.25,0374529264,9780374529260,eng,347,10455,660,5/18/2005,Farrar  Straus and Giroux,"Historical,Historical Fiction;Fiction;Classics;Cultural,France;Historical;Literature;European Literature,French Literature;Philosophy;Novels;LGBT"
41541,The Prestige,Christopher Priest,3.89,0765356171,9780765356178,eng,368,441,58,10/3/2006,Tor Books,"Fiction;Fantasy;Historical,Historical Fiction;Science Fiction;Mystery;Historical;Audiobook;Fantasy,Magic;Horror;Science Fiction,Steampunk"
431,The New York Trilogy,Paul Auster/Art Spiegelman/Luc Sante,3.89,0143039830,9780143039839,eng,308,43200,1873,3/28/2006,Penguin Classics,"Fiction;Mystery;Literature,American;Novels;Literature;Contemporary;New York;The United States Of America;Classics;Mystery,Crime"
22831,The Return of Lum  Volume 1: Urusei Yatsura (Urusei Yatsura  #2),Rumiko Takahashi,4.11,1569310351,9781569310359,eng,208,72,4,6/5/1995,Viz Media,"Sequential Art,Manga;Romance;Science Fiction;Sequential Art,Comics;Young Adult;Fantasy;Humor;Sequential Art,Graphic Novels"
30263,Every Which Way But Dead (The Hollows  #3),Kim Harrison,4.29,006057299X,9780060572990,eng,501,60083,1213,6/28/2005,HarperTorch,"Fantasy,Urban Fantasy;Fantasy;Fantasy,Paranormal;Paranormal,Vampires;Paranormal,Witches;Fantasy,Magic;Fiction;Romance;Paranormal,Demons;Fantasy,Supernatural"
33331,More Than You Know: Finding Financial Wisdom in Unconventional Places,Michael J. Mauboussin,4.09,0231138709,9780231138703,eng,268,1359,48,4/21/2006,Columbia University Press,"Economics,Finance;Business;Nonfiction;Economics;Psychology;Currency,Money;Philosophy;Finance,Personal Finance"
37807,Caesar's Commentaries: On the Gallic War & On the Civil War,Gaius Julius Caesar/James H. Ford/W.A. McDevitte,4.12,0976072610,9780976072614,eng,340,424,31,10/1/2005,El Paso Norte Press,"History;Classics;Nonfiction;War;Biography;Literature,Ancient;Military,Military History;History,Ancient History;War,Military Fiction;Roman"
30010,The Complete Stories  Vol 1,Isaac Asimov,4.36,038541627X,9780385416276,eng,624,5362,115,10/1/1990,Broadway,"Science Fiction;Fiction;Short Stories;Classics;Science Fiction Fantasy;Fantasy;Anthologies;Anthologies,Collections;Novels;European Literature,Spanish Literature"
29120,The Mistress Manual: The Good Girl's Guide to Female Dominance,Mistress Lorelei,3.76,1890159190,9781890159191,eng,220,346,30,6/15/2000,Greenery Press (CA),"Erotica,BDSM;Nonfiction;Sexuality;Self Help;Relationships;Adult;How To;Audiobook;Feminism;Psychology"
5599,Ethics and the Limits of Philosophy,Bernard Williams,4.06,067426858X,9780674268586,en-US,230,556,20,3/15/1986,Harvard University Press,"Philosophy;Nonfiction;Politics;Academic;Literature,20th Century;Reference;European Literature,British Literature;Classics;Law"
41046,Romanticism,Hugh Honour,3.75,0064300897,9780064300896,eng,416,42,2,8/15/1979,Westview Press,"Art;History;Medievalism,Romanticism;Academic,School"
31591,Lorca & Jimenez: Selected Poems,Federico García Lorca/Juan Ramón Jiménez/Robert Bly,4.34,0807062138,9780807062135,eng,208,114,8,4/30/1997,Beacon Press,"Poetry;European Literature,Spanish Literature"
33436,Key Lime Pie Murder (Hannah Swensen  #9),Joanne Fluke,3.85,0758210183,9780758210180,eng,342,10361,531,7/31/2007,Kensington Publishing Corporation,"Mystery;Mystery,Cozy Mystery;Fiction;Audiobook;Thriller,Mystery Thriller;Adult;Food and Drink,Food;Romance;Womens Fiction,Chick Lit;Mystery,Murder Mystery"
79,Coming Into the Country,John McPhee,4.22,0374522871,9780374522872,eng,448,5704,261,4/1/1991,Farrar  Straus and Giroux,"Nonfiction;Travel;Environment,Nature;History;Science;Environment;Adventure;Writing,Essays;Science,Natural History;Autobiography,Memoir"
7959,Rachel & Leah (Women of Genesis  #3),Orson Scott Card,3.85,0765341298,9780765341297,en-GB,368,5618,514,11/29/2005,Forge Books,"Historical,Historical Fiction;Fiction;Religion;Biblical Fiction;Christian Fiction;Christianity,Lds;Historical;Lds,Lds Fiction;Christian;Adult"
30480,The Communist Manifesto,Karl Marx/Friedrich Engels,3.55,1599869950,9781599869957,en-US,88,138,18,12/26/2005,Filiquarian Publishing  LLC.,"Philosophy;Nonfiction;Politics;Classics;History;Economics;Sociology;Philosophy,Theory;Politics,Political Science;European Literature,German Literature"
5966,Edward Lear's Book of Nonsense: With Lear's Original Illustrations,Edward Lear/Simcha Shtull,3.65,1888297018,9781888297010,eng,46,71,8,11/1/1995,Maxima New Media,"Poetry;Classics;Childrens;Humor;Fiction;Literature,19th Century;Historical,Victorian;European Literature,British Literature;Literature;Short Stories"
22230,Stargirl (Stargirl  #1),Jerry Spinelli,3.76,0440416779,9780440416777,eng,186,1969,252,5/11/2004,Laurel Leaf,"Young Adult;Fiction;Contemporary;Realistic Fiction;Romance;Childrens,Middle Grade;Childrens;Academic,School;Young Adult,Teen;Young Adult,Coming Of Age"
37170,Finnegan's Week,Joseph Wambaugh,3.63,0553763245,9780553763249,eng,352,561,42,8/1/1995,Bantam,"Fiction;Mystery;Mystery,Crime;Mystery,Detective;Humor;Action;Suspense"
466,Timbuktu / Leviathan / Moon Palace,Paul Auster,4.38,2742741461,9782742741465,fre,1075,21,1,11/7/2002,Actes Sud,
8541,Straight,Dick Francis,4.05,042520846X,9780425208465,eng,320,3513,143,2/7/2006,G.P. Putnam's Sons,"Mystery;Fiction;Thriller;Mystery,Crime;Suspense;Thriller,Mystery Thriller;Animals,Horses;Mystery,Detective;Sports,Horse Racing;European Literature,British Literature"
24147,How to Build a Time Machine,Paul Davies,3.82,0141005343,9780141005348,eng,148,67,9,7/2/2002,Penguin,"Science;Nonfiction;Science,Physics;Science Fiction,Time Travel;Science,Popular Science;Philosophy;Science,Mathematics;Self Help;Space;Travel"
28231,A Box of Matches,Nicholson Baker,3.67,0375706038,9780375706035,eng,192,1679,192,3/9/2004,Vintage,"Fiction;Novels;Literature;Contemporary;Literary Fiction;Literature,American;Humor;Adult;Writing,Essays;Modern"
30822,Silenced: The Wrath of God Descends (Underground Zealot  #2),Jerry B. Jenkins,4.24,0842384111,9780842384117,eng,368,1532,40,3/1/2005,Tyndale House Publishers,"Christian Fiction;Christian;Fiction;Suspense;Science Fiction;Religion;Thriller;Inspirational;Science Fiction,Apocalyptic;Mystery"
20833,Janet  My Mother and Me: A Memoir of Growing Up with Janet Flanner and Natalia Danesi Murray,William Murray,3.5,0684809664,9780684809663,eng,320,36,8,2/17/2000,Simon & Schuster,"Autobiography,Memoir;LGBT;Nonfiction;Biography"
45234,The Gun Seller,Hugh Laurie,3.68,067102082X,9780671020828,eng,340,14495,1434,10/1/1998,Washington Square Press,"Fiction;Humor;Mystery;Thriller;Mystery,Crime;Humor,Comedy;European Literature,British Literature;Thriller,Mystery Thriller;Spy Thriller,Espionage;Novels"
25078,Savage Inequalities: Children in America's Schools,Jonathan Kozol,4.25,0060974990,9780060974992,eng,272,15923,666,6/12/1992,Harper Perennial,"Education;Nonfiction;Sociology;Social Movements,Social Justice;Teaching;Politics;Race;History;Academic,School;Social Issues,Poverty"
7906,Emily of Deep Valley (Deep Valley  #2),Maud Hart Lovelace/Vera Neville,4.23,0064408582,9780064408585,eng,304,2722,151,12/31/2000,HarperTrophy,"Classics;Fiction;Young Adult;Historical,Historical Fiction;Childrens;Historical;Romance;Childrens,Middle Grade;Childrens,Juvenile;Childrens,Childrens Classics"
12993,Hamlet  The Texts of 1603 and 1623,William Shakespeare/Neil Taylor,4.27,1904271553,9781904271550,eng,384,15,0,3/22/2006,Bloomsbury Arden Shakespeare,"Classics;Plays;Fiction;Drama;Academic,School;Literature;Plays,Theatre;Academic,Read For School;Poetry;Young Adult,High School"
39213,Freedom Riders: John Lewis and Jim Zwerg on the Front Lines of the Civil Rights Movement,Ann Bausum,3.98,0792241738,9780792241737,eng,80,254,57,12/27/2005,National Geographic Children's Books,"Nonfiction;History;Biography;Childrens,Middle Grade;Cultural,African American;Childrens;Childrens,Juvenile;North American Hi...,American History;Childrens,Picture Books;Social Movements,Social Justice"
31420,The Journals of Sylvia Plath,Sylvia Plath/Karen V. Kukil,4.31,0571205216,9780571205219,eng,752,106,9,6/13/2013,Faber & Faber,"Nonfiction;Poetry;Classics;Biography;Autobiography,Memoir;Health,Mental Health;Biography Memoir;Biography,Autobiography;Diary;Diary,Journal"
13504,A Clash of Kings (A Song of Ice and Fire  #2),George R.R. Martin/Roy Dotrice,4.41,073930870X,9780739308707,eng,0,113,12,2/17/2004,Random House Audio,"Fantasy;Fiction;Fantasy,Epic Fantasy;Science Fiction Fantasy;Fantasy,High Fantasy;Adult;Adventure;Audiobook;Fantasy,Dragons;Epic"
17259,Kirk: The Star to Every Wandering (Star Trek: Crucible  #3),David R. George III,3.69,074349170X,9780743491709,eng,320,183,16,2/27/2007,Star Trek,"Media Tie In,Star Trek;Science Fiction;Fiction;Star Trek,Star Trek Original Series;Science Fiction Fantasy"
45369,Arthur & George,Julian Barnes,3.7,1400097037,9781400097036,eng,445,11626,1141,1/9/2007,Vintage International,"Fiction;Historical,Historical Fiction;Mystery;Historical;European Literature,British Literature;Literary Fiction;Mystery,Crime;Literature;Contemporary;Novels"
26187,Angels & Demons (Robert Langdon  #1),Dan Brown,3.89,0743486226,9780743486224,eng,572,5738,630,7/28/2003,Atria Books,"Fiction;Mystery;Thriller;Thriller,Mystery Thriller;Suspense;Adventure;Mystery,Crime;Historical,Historical Fiction;Novels;Adult"
7624,Lord of the Flies,William Golding,3.68,0140283331,9780140283334,eng,182,2036679,26199,10/1/1999,Penguin Books,"Classics;Fiction;Young Adult;Academic,School;Literature;Science Fiction,Dystopia;Academic,Read For School;Novels;Young Adult,High School;Adventure"
18930,The Uses of Literature,Italo Calvino/Patrick Creagh,4.07,0156932504,9780156932509,eng,341,900,32,10/21/1987,Mariner Books,"Nonfiction;Writing,Essays;Criticism,Literary Criticism;European Literature,Italian Literature;Literature;Writing,Books About Books;Language,Writing;Criticism;Cultural,Italy;Philosophy"
1853,Wild About Books,Judy Sierra/Marc Brown,4.17,037582538X,9780375825385,eng,40,4541,378,8/10/2004,Alfred A. Knopf Books for Young Readers,"Childrens,Picture Books;Animals;Childrens;Writing,Books About Books;Childrens,Storytime;Fiction;Poetry;Humor;Fantasy;Academic,School"
13215,Life Doesn't Frighten Me,Maya Angelou/Jean-Michel Basquiat/Sara Jane Boyers,4.41,1556702884,9781556702884,eng,32,1246,164,2/6/1996,Harry N. Abrams,"Poetry;Childrens,Picture Books;Art;Childrens;Nonfiction;Classics;Cultural,African American;Contemporary;Childrens,Juvenile;Psychology"
1334,Lysis/Phaedrus/Symposium: Plato on Homosexuality,Plato/Benjamin Jowett,4.47,0879756322,9780879756321,eng,157,14,0,12/1/1991,Prometheus Books,"Philosophy;Nonfiction;History;Classics;LGBT,Queer"
10445,Too Far to Go: The Maples Stories,John Updike,4.02,0449200167,9780449200162,eng,256,361,35,6/12/1982,Fawcett Books,"Short Stories;Fiction;Literature,American;Classics;Literature;Marriage;Literary Fiction;Family;Contemporary;Short Stories,Short Story Collection"
29966,The Shape of Things to Come,H.G. Wells/John Clute,3.61,0141441046,9780141441047,eng,530,931,43,5/26/2006,Penguin Books Limited,"Science Fiction;Fiction;Classics;Science Fiction,Dystopia;Speculative Fiction;Novels;European Literature,British Literature;Science Fiction Fantasy;Fantasy;Apocalyptic,Post Apocalyptic"
22726,Por los pelos,Marian Keyes,3.81,1400002214,9781400002214,spa,592,34,5,9/17/2002,Plaza y Janes,"Womens Fiction,Chick Lit;Fiction;Romance;Contemporary;Humor;Cultural,Ireland;Romance,Contemporary Romance;Womens Fiction;European Literature,Irish Literature;Adult"
35757,Missing Persons and Mistaken Identities: Women and Gender in Ancient Israel,Phyllis A. Bird,3.8,0800631285,9780800631284,eng,304,10,0,1/1/1997,Augsburg Fortress Publishing,"Christianity,Old Testament;Religion,Theology;Religion"
3476,Icy Sparks,Gwyn Hyman Rubio,3.7,0142000205,9780142000205,eng,320,37936,1192,3/8/2001,Penguin Books,"Fiction;Historical,Historical Fiction;Adult Fiction;Contemporary;Young Adult,Coming Of Age;Novels;Womens Fiction,Chick Lit;Book Club;Historical;Literary Fiction"
35561,The Beatles' Story on Capitol Records  Part Two: The Albums,Bruce Spizer,4.72,0966264924,9780966264920,eng,264,29,0,1/1/2010,Four Ninety-Eight Productions,Music
10546,The Long-Lost Map (Ulysses Moore #2),Pierdomenico Baccalario/Iacopo Bruno/Leah D. Janeczko,4.0,043977439X,9780439774390,eng,272,1693,76,7/1/2006,Scholastic Inc.,"Fantasy;Adventure;Childrens;Mystery;Childrens,Middle Grade;Fiction;Science Fiction,Time Travel;Young Adult;Novels;European Literature,Italian Literature"
11584,On Writing: A Memoir,Stephen King,4.33,0340820462,9780340820469,eng,384,1118,142,9/1/2001,New English Library,"Nonfiction;Language,Writing;Autobiography,Memoir;Biography;Reference;Audiobook;Biography,Autobiography;Biography Memoir;Writing,Books About Books;Self Help"
40460,Ragtime in Simla (Joe Sandilands  #2),Barbara Cleverly,3.84,0385339720,9780385339728,en-US,368,60,10,7/25/2006,Delta,"Mystery;Mystery,Historical Mystery;Historical,Historical Fiction;Cultural,India;Historical;Fiction;Mystery,Crime;Cultural,Asia;European Literature,British Literature;Literature,20th Century"
13596,ヒカルの碁 15、さよなら,Yumi Hotta/Yumi Hotta,4.25,4088732154,9784088732152,jpn,211,289,8,12/24/2001,集英社,"Sequential Art,Manga;Sequential Art,Comics;Sequential Art,Graphic Novels;Games,Go;Young Adult;Manga,Shonen;Fiction;Sports,Sports;Cultural,Japan;Fantasy"
11777,Black Girl/White Girl,Joyce Carol Oates,3.23,0061125644,9780061125645,eng,288,2662,290,10/17/2006,Ecco,"Fiction;Historical,Historical Fiction;The United States Of America;Contemporary;Novels;Literature;Literary Fiction;Race;Adult;Literature,American"
26922,Affliction,Russell Banks/Pierre Furlan,3.99,2742722807,9782742722808,fre,486,63,1,12/29/1999,Babel,"Fiction;Novels;Literature;Contemporary;Literary Fiction;Mystery;Literature,American;Suspense;The United States Of America;Adult Fiction"
24478,i am 8-bit: Art Inspired by Classic Videogames of the '80s,Jon M. Gibson/Chuck Klosterman,4.11,0811853195,9780811853194,en-US,156,114,12,3/30/2006,Chronicle Books,"Art;Nonfiction;Games,Video Games;Sequential Art,Comics;Games,Gaming;Culture,Pop Culture;Sports and Games,Games"
35413,Star Wars: Empire  Volume 7: The Wrong Side of the War,Welles Hartley/Davide Fabbri/Christian Dalla Vecchia,3.79,1593077092,9781593077099,eng,144,109,7,1/30/2007,Dark Horse Books,"Media Tie In,Star Wars;Sequential Art,Graphic Novels;Sequential Art,Comics;Science Fiction;Comics,Comic Book;Fiction;Space"
28340,Las Noches Blancas. El Jugador. Un Ladrón Honrado. (Sepan Cuantos  #259),Fyodor Dostoyevsky,3.9,9684324162,9789684324169,spa,147,52,7,10/28/1998,Porrua,
16546,Pictures by J.R.R. Tolkien,J.R.R. Tolkien/Christopher Tolkien,4.47,0395606489,9780395606483,eng,102,531,14,10/1/1992,Houghton Mifflin,"Fantasy;Art;Fiction;Childrens,Picture Books;Sequential Art,Graphic Novels;Reference;Science Fiction;Classics;Literature"
5694,Mother Maria Skobtsova: Essential Writings,Maria Skobtsova/Richard Pevear,4.31,1570754365,9781570754364,eng,192,62,9,10/1/2002,Orbis Books,"Religion;Religion,Theology;Nonfiction;Religion,Church;Cultural,Russia;History;Biography Memoir;Spirituality;Christian"
842,The Psychology of Everyday Things,Donald A. Norman,4.17,0465067093,9780465067091,eng,257,265,31,6/13/1988,Basic Books,"Design;Nonfiction;Business;Psychology;Science;Art;Science,Technology;Science,Engineering;Computer Science,Programming;Art,Art Design"
18837,Cliffs Notes on Woolf's Mrs. Dalloway,Gary K. Carey,3.09,0764544578,9780764544576,eng,72,10,2,12/12/2003,Cliffs Notes,Literary Criticism
18053,Meet Mr. Mulliner,P.G. Wodehouse,4.06,1585672750,9781585672752,eng,203,1224,89,5/13/2002,Harry N. Abrams,"Fiction;Humor;Short Stories;Classics;Humor,Comedy;European Literature,British Literature;Audiobook;Literature;Literature,20th Century;Literature,English Literature"
629,Zen and the Art of Motorcycle Maintenance: An Inquiry Into Values (Phaedrus  #1),Robert M. Pirsig,3.77,0060589469,9780060589462,eng,540,166046,6446,4/25/2006,HarperTorch,Philosophy;Fiction;Classics;Spirituality;Travel;Psychology;Self Help;Literature;Unfinished;Religion
12840,Second Ring of Power,Carlos Castañeda,4.03,0671732471,9780671732479,en-US,328,2779,33,4/1/1991,Washington Square Press,"Spirituality;Philosophy;Nonfiction;Anthropology;Occult,Mysticism;Religion;Biography;Spirituality,New Age;Philosophy,Metaphysics;Occult"
23060,The Fashion System,Roland Barthes/Matthew    Ward/Richard Howard,3.54,0520071778,9780520071773,eng,351,228,10,7/25/1990,University of California Press,"Couture,Fashion;Philosophy;Nonfiction;Philosophy,Theory;Linguistics,Semiotics;Anthropology;Reference,Research;Writing,Essays;Art;Design"
30053,Only the River Runs Free (The Galway Chronicles  #1),Bodie Thoene/Brock Thoene,4.09,0785263780,9780785263784,eng,271,1387,104,1/14/1997,Thomas Nelson,"Historical,Historical Fiction;Christian Fiction;Fiction;Christian;Cultural,Ireland;Historical;Romance;European Literature,Irish Literature;Adult Fiction;Romance,Christian Romance"
34324,The School Skeleton (A to Z Mysteries  #19),Ron Roy/John Steven Gurney,3.99,0375813683,9780375813689,en-US,96,1844,70,1/28/2003,Random House Books for Young Readers,"Mystery;Childrens;Fiction;Childrens,Chapter Books;Childrens,2nd Grade;Childrens,Middle Grade;Adventure;Kids;Childrens,Juvenile;Young Adult"
13486,How to Think Theologically,Howard W. Stone/James O. Duke,3.67,0800638182,9780800638184,en-US,142,235,22,1/1/2006,Fortress Press,"Religion,Theology;Religion;Christian;Religion,Christianity;Textbooks;Nonfiction;Academic,School;Language,Writing"
27511,The Commanders,Bob Woodward,3.71,0743234758,9780743234757,eng,400,527,26,1/1/2002,Simon & Schuster,"History;Nonfiction;Politics;War,Military Fiction;War;Biography;North American Hi...,American History;Military,Military History;Leadership;Politics,Government"
1852,The Call of the Wild,Jack London/Avi,3.86,0439227143,9780439227148,eng,172,274649,7203,1/1/2001,Scholastic,"Classics;Fiction;Adventure;Young Adult;Animals;Historical,Historical Fiction;Literature;Academic,School;Childrens;Novels"
33581,The Work of Work Servitude  Slavery and Labor in Medieval England,Allen J. Frantzen/Ruth Mazo Karras/Madonna J. Hettinger/Elizabeth Stevens Girsch/John Ruffing/George Ovitt Jr./Ross Samson/Niall Brady/Douglas Moffat/David Aers/Louise M. Bishop,3.0,1873448031,9781873448038,eng,240,1,0,8/14/1994,Cruithne Press,History
18564,The Summit (Everest  #3),Gordon Korman,3.96,0439411378,9780439411370,eng,154,2584,106,10/1/2002,Scholastic Paperbacks,"Adventure;Young Adult;Fiction;Childrens;Realistic Fiction;Childrens,Middle Grade;Adventure,Survival;Childrens,Juvenile;Action;Contemporary"
38592,Plants Bite Back! (DK Readers),Richard Platt,3.88,0789447541,635517047547,eng,48,21,5,10/25/1999,DK Publishing (Dorling Kindersley),Science;Nonfiction
33367,Mitz The Marmoset of Bloomsbury,Sigrid Nunez,3.92,193336856X,9781933368566,eng,128,134,32,2/15/2007,Soft Skull Press,"Fiction;Historical,Historical Fiction;Animals;Historical;European Literature,British Literature;Audiobook;Biography Memoir;Novella;Novels;Female Authors"
31116,The Dew Breaker,Edwidge Danticat,3.8,1400034299,9781400034291,eng,244,5891,584,3/8/2005,Vintage,"Fiction;Short Stories;Historical,Historical Fiction;Novels;Literature;Literary Fiction;Historical;Contemporary;Academic,School;Academic,Read For School"
11684,The Known World,Edward P. Jones,3.83,0007195303,9780007195305,eng,388,449,83,10/1/2004,Harper Perennial,"Historical,Historical Fiction;Fiction;Cultural,African American;Historical;Literature;Novels;Literary Fiction;Book Club;Race;Literature,American"
24827,Ship of Fools,Richard Paul Russo,3.74,0441008933,9780441008933,eng,370,2192,206,12/31/2001,Ace,"Science Fiction;Horror;Fiction;Space,Space Opera;Science Fiction,Aliens;Space;Mystery;Thriller;Speculative Fiction;Science Fiction Fantasy"
25743,The Slave,Isaac Bashevis Singer/Cecil Hemley,4.18,0374506809,9780374506803,eng,320,2040,150,10/1/1988,Farrar  Straus and Giroux,"Fiction;Historical,Historical Fiction;Classics;Literature,Jewish;Cultural,Poland;Nobel Prize;Literature;Novels;Historical;European Literature,Polish Literature"
38511,The Wakefields of Sweet Valley (Sweet Valley High Magna Editions #1),Francine Pascal/Kate William,3.92,0553292781,9780553292787,eng,346,1425,73,4/24/1993,Sweet Valley,"Young Adult;Fiction;Historical,Historical Fiction;Childrens;Romance;Historical;Young Adult,Teen;Family;Kids;Childrens,Middle Grade"
31822,Philosophy of Religion: An Anthology,Louis P. Pojman,3.94,0534543642,9780534543648,en-US,582,97,7,5/7/2002,Wadsworth Publishing Company,Philosophy;Religion;Textbooks;Nonfiction;Reference;Spirituality
40816,Turtles & Tortoises for Dummies,Liz Palika,3.57,0764553135,9780764553134,eng,328,53,5,3/15/2001,For Dummies,Animals;Nonfiction
25278,Child of the Owl (Golden Mountain Chronicles  #7),Laurence Yep,3.61,006440336X,9780064403368,eng,288,437,31,5/8/2001,HarperCollins,"Historical,Historical Fiction;Young Adult;Fiction;Childrens;Historical;Childrens,Middle Grade;Literature,Asian Literature;Academic,School;Childrens,Juvenile;Novels"
30658,Meditations on First Philosophy,René Descartes/Donald A. Cress,3.71,0872201929,9780872201927,eng,59,16700,353,10/1/1993,Hackett Publishing Company  Inc.,"Philosophy;Nonfiction;Classics;Cultural,France;Academic,School;Religion;Academic,College;Philosophy,Metaphysics;Literature,17th Century;Academic,Read For School"
26064,Kissing in Manhattan,David Schickler,3.61,0385335679,9780385335676,eng,288,2665,304,8/27/2002,Dial Press Trade Paperback,"Fiction;Short Stories;New York;Book Club;Novels;Contemporary;Adult;Literature,American;Literary Fiction;Modern"
34539,Going Postal (Discworld  #33),Terry Pratchett,4.38,0060013133,9780060013134,en-US,377,969,114,9/28/2004,Harper,"Fantasy;Fiction;Humor;Humor,Comedy;Science Fiction Fantasy;Audiobook;Science Fiction;Adult;Novels;Young Adult"
40582,Michael Moore's Fahrenheit 9/11: How One Film Divided a Nation,Robert Brent Toplin,3.44,0700614524,9780700614523,eng,161,9,1,4/20/2006,University Press of Kansas,
18653,Shop in the Name of Love (The Cheetah Girls #2),Deborah Gregory/Paul Mantell,3.64,0786813857,9780786813858,eng,132,54,5,9/15/1999,Jump at the Sun,Juvenile Fiction
18226,Maxims and Reflections,Johann Wolfgang von Goethe/Peter Hutchinson/Elisabeth Stopp,3.82,0140447202,9780140447200,eng,208,280,23,3/1/1999,Penguin Books,"Philosophy;Nonfiction;Classics;European Literature,German Literature;Literature;Writing,Essays;Literature,19th Century;History;Science;Cultural,Germany"
22199,Year Zero,Jeff Long,3.6,1416534423,9781416534426,eng,416,2164,139,7/1/2006,Atria Books,"Fiction;Science Fiction;Horror;Thriller;Apocalyptic,Post Apocalyptic;Science Fiction,Apocalyptic;Adventure;Mystery;Religion;Fantasy"
21723,Like A Charm,Karin Slaughter/Peter Robinson/John Connolly/Denise Mina/Mark Billingham,3.48,0060583312,9780060583316,en-US,384,22,4,5/26/2015,William Morrow Paperbacks,"Short Stories;Thriller;Mystery,Crime;Mystery;Anthologies;Fiction;Audiobook;Suspense;Horror;Thriller,Mystery Thriller"
31960,The Best American Sports Writing 2003,Buzz Bissinger/Glenn Stout/Elizabeth Gilbert/Bill Plaschke/Gary Smith/Michael J. Agovino,3.87,0618251324,9780618251322,eng,352,53,2,10/10/2003,Mariner Books,"Sports,Sports;Nonfiction;Anthologies"
13206,The Collected Autobiographies of Maya Angelou,Maya Angelou,4.63,0679643257,9780679643258,eng,1184,991,55,9/21/2004,Modern Library,"Nonfiction;Biography;Autobiography,Memoir;Biography,Autobiography;Poetry;Feminism;Biography Memoir;Cultural,African American;Womens;Classics"
10073,A Long Way Down,Nick Hornby,3.42,1594481938,9781594481932,eng,368,65202,3943,5/2/2006,Riverhead Books,"Fiction;Contemporary;Humor;European Literature,British Literature;Novels;Adult;Adult Fiction;Audiobook;Health,Mental Health;Literature"
3583,The New Annotated Sherlock Holmes: The Novels,Arthur Conan Doyle/Leslie S. Klinger,4.53,039305800X,9780393058000,eng,907,2203,32,11/7/2005,W. W. Norton & Company,"Classics;Mystery;Fiction;Mystery,Crime;Mystery,Detective;Literature;Short Stories;Thriller;Thriller,Mystery Thriller;Historical,Victorian"
12114,The Oil Jar and Other Stories,Luigi Pirandello/Stanley Appelbaum,3.85,048628459X,9780486284590,eng,96,214,18,4/3/1995,Dover Publications,"Short Stories;Fiction;Classics;European Literature,Italian Literature;Cultural,Italy;Nobel Prize;Plays;Humor,Comedy;Literature,20th Century;Literature"
9632,Switch on the Night,Ray Bradbury/Leo Dillon/Diane Dillon,4.13,0553112449,9780553112443,en-US,40,198,12,9/14/2004,Dragonfly Books,"Childrens,Picture Books;Childrens;Fiction;Fantasy;Short Stories;Classics;Art"
27924,The Essential Augustine,Augustine of Hippo/Vernon J. Bourke,3.69,0915144077,9780915144075,eng,268,114,7,8/1/1978,Hackett Publishing Company (Indianapolis  IN),"Philosophy;Religion,Theology;Religion;Nonfiction;Religion,Christianity;Classics;History;Politics"
11886,Falconer,John Cheever,3.66,0224014013,9780224014014,eng,224,7,0,7/7/1977,Random House UK Ltd (A Division of Random House Group),"Fiction;Classics;Novels;Literature;Literary Fiction;Mystery,Crime;Literature,American;LGBT;Literature,20th Century;Mystery"
16697,The Mysteries of Pittsburgh,Michael Chabon,3.64,0060790598,9780060790592,eng,320,21823,1518,7/5/2005,Harper Perennial,"Fiction;LGBT;Novels;Contemporary;Young Adult,Coming Of Age;Literary Fiction;Literature;LGBT,Queer;Literature,American;Adult"
19352,The Epic of Gilgamesh,Anonymous/Maureen Kovacs,3.68,0804717117,9780804717113,eng,122,314,42,8/1/1989,Stanford University Press,"Classics;Poetry;Fiction;Fantasy,Mythology;Literature;Fantasy;Academic,School;Epic;Religion;Literature,Ancient"
18610,Thin Air (Spenser  #22),Robert B. Parker/David Dukes,3.9,0425152901,9780425152904,en-US,320,4055,141,4/1/1996,G.P. Putnam's Sons,"Mystery;Fiction;Mystery,Detective;Mystery,Crime;Thriller;Thriller,Mystery Thriller;Suspense;Mystery,Hard Boiled;Action;Audiobook"
7150,Crime and Punishment (Norton Critical Editions),Fyodor Dostoyevsky/George Gibian/Jessie Coulson,4.21,0393096335,9780393096330,eng,690,34,5,4/1/1964,Norton and Co.,"Classics;Fiction;Cultural,Russia;Literature;Literature,Russian Literature;Philosophy;Novels;Mystery,Crime;Literature,19th Century;Academic,School"
16021,The Trouble with the Pears: An Intimate Portrait of Erzsebet Bathory,Gia Bathory Al Babel,2.55,1425910394,9781425910396,eng,272,33,7,2/14/2006,Authorhouse,Fiction
35052,Trial by Fire (Newpointe 911 #4),Terri Blackstock,4.36,0310217601,9780310217602,eng,347,3248,73,10/18/2000,Zondervan,"Christian Fiction;Christian;Fiction;Mystery;Suspense;Romance;Thriller,Mystery Thriller;Contemporary;Mystery,Crime;Adult"
6823,Romeo & Juliet,William Shakespeare/Alan Durband,3.74,0748702555,9780748702558,eng,288,179,4,1/1/1993,Nelson Thornes Ltd,"Classics;Plays;Fiction;Romance;Academic,School;Drama;Academic,Read For School;Literature;Young Adult,High School;Poetry"
25104,The Wake (The Sandman  #10),Neil Gaiman/Michael Zulli/Jon J. Muth/Charles Vess/Mikal Gilmore,4.52,1563892871,9781563892875,eng,191,37038,767,9/3/1999,Vertigo,"Sequential Art,Graphic Novels;Sequential Art,Comics;Fantasy;Fiction;Graphic Novels Comics;Horror;Comics,Comic Book;Fantasy,Mythology;Fantasy,Urban Fantasy;Comics Manga"
24660,Exploring the Northern Tradition: A Guide to the Gods  Lore  Rites  and Celebrations From the Norse  German  and Anglo-Saxon Traditions,Galina Krasskova/Swain Wódening,3.83,1564147916,9781564147912,eng,224,443,29,5/15/2005,New Page Books,"Religion;Nonfiction;Religion,Paganism;Fantasy,Mythology;Spirituality;Occult;History;Occult,Magick;Religion,Wicca;Reference"
7482,Human Traces,Sebastian Faulks,3.63,0099458268,9780099458265,eng,793,3541,274,7/6/2006,Vintage,"Fiction;Historical,Historical Fiction;Historical;Psychology;Contemporary;Novels;Literary Fiction;Medical;War;Literature"
17513,Die Verschwundene Katze = The Missing Cat,Chris L. Demarest,4.14,2831557437,9782831557434,ger,64,1,0,1/1/1996,Berlitz Kids,"Cultural,France"
5237,The Crusader: Ronald Reagan and the Fall of Communism,Paul Kengor,4.23,0061136905,9780061136900,eng,432,179,14,10/17/2006,Harper,"Biography;History;Politics;Politics,Presidents;Nonfiction;North American Hi...,American History"
23548,The Children's Book of America,William J. Bennett/Michael Hague,4.19,0684849305,9780684849300,en-US,112,95,13,11/2/1998,Simon & Schuster,"History;Childrens;Nonfiction;Childrens,Picture Books;North American Hi...,American History;Education;Anthologies;Childrens,Juvenile"
34468,A Cat  a Man  and Two Women,Jun'ichirō Tanizaki/Paul McCarthy,3.8,4770016050,9784770016058,eng,164,972,74,4/1/1992,Kodansha,"Cultural,Japan;Fiction;Asian Literature,Japanese Literature;Short Stories;Animals,Cats;Classics;Cultural,Asia;Animals;Literature;Contemporary"
29489,Hard Candy,Angela Knight/Sheri Gilmore/Morgan Hawke,3.99,1596321288,9781596321281,en-US,350,564,23,6/30/2005,Loose Id  LLC,"Romance;Adult Fiction,Erotica;Erotica,Menage;Science Fiction;Anthologies;Fantasy;Fantasy,Paranormal;Erotica,BDSM;Romance,Erotic Romance;Romance,M M Romance"
3636,The Giver (The Giver  #1),Lois Lowry,4.13,0385732554,9780385732550,eng,208,1585589,56604,1/24/2006,Ember,"Young Adult;Fiction;Classics;Science Fiction,Dystopia;Science Fiction;Fantasy;Academic,School;Childrens,Middle Grade;Childrens;Academic,Read For School"
24725,Tooth and Claw,T. Coraghessan Boyle,3.82,0143037439,9780143037439,eng,304,1193,95,6/27/2006,Penguin Books,"Short Stories;Fiction;Literary Fiction;Literature,American;Literature;Literature,21st Century;Audiobook;Modern;Roman;Short Stories,Short Story Collection"
4898,Blue Ocean Strategy: How to Create Uncontested Market Space and Make the Competition Irrelevant,W. Chan Kim/Renée Mauborgne,3.91,1591396190,9781591396192,eng,240,46064,871,2/1/2005,Harvard Business Review Press,"Business;Nonfiction;Business,Entrepreneurship;Business,Management;Buisness;Leadership;Economics;Self Help;Audiobook;Economics,Finance"
35882,Tallchief: The Hunter (The Tallchiefs #9),Cait London,4.12,0373764197,9780373764198,eng,192,47,1,1/25/2002,Silhouette Desire,"Harlequin,Harlequin Desire;Romance"
8716,Lincoln,Gore Vidal,4.21,0375708766,9780375708763,eng,672,7326,430,2/15/2000,Vintage,"Historical,Historical Fiction;Fiction;Military History,Civil War;Historical;North American Hi...,American History;Politics;Literature;Politics,Presidents;Literature,American;Novels"
35987,The Greek Islands,Lawrence Durrell,3.89,0571214266,9780571214266,eng,332,25,3,4/8/2002,Faber & Faber,"Travel;Cultural,Greece;Nonfiction;History;Fantasy,Mythology;European Literature,British Literature"
5352,The Summons,John Grisham,3.69,0385339593,9780385339599,eng,384,58901,1642,9/27/2005,Delta,"Fiction;Mystery;Thriller;Thriller,Legal Thriller;Suspense;Mystery,Crime;Thriller,Mystery Thriller;Law;Novels;Adult Fiction"
41684,The Jungle Books,Rudyard Kipling/Alev Lytle Croutier,4.02,0451529758,9780451529756,eng,368,78036,692,5/3/2005,Signet Classics,"Classics;Fiction;Childrens;Fantasy;Adventure;Short Stories;Literature;Animals;Young Adult;Cultural,India"
12550,Stiff Upper Lip  Jeeves (Jeeves  #13),P.G. Wodehouse,4.29,184159105X,9781841591056,eng,211,6970,310,12/17/2002,Everyman's Library,"Fiction;Humor;Classics;Humor,Comedy;European Literature,British Literature;Audiobook;Novels;Historical,Historical Fiction;Literature,20th Century;Literature"
43332,My Gal Sunday,Mary Higgins Clark,3.57,0671014919,9780671014919,en-US,206,5355,183,2/1/2003,Pocket Books,"Mystery;Fiction;Suspense;Thriller,Mystery Thriller;Thriller;Romance;Short Stories;Adult;Mystery,Crime;Adult Fiction"
16995,Fantastic Four  Volume 3,Mark Waid/Mike Wieringo,3.95,0785120114,9780785120117,eng,256,118,5,11/23/2005,Marvel Comics Group,"Sequential Art,Comics;Superheroes,Marvel;Sequential Art,Graphic Novels;Fiction;Comics,Superheroes;Science Fiction;Graphic Novels Comics;Comics,Comic Book;Adventure"
32256,Call After Midnight & Under The Knife,Tess Gerritsen,3.99,037377172X,9780373771721,en-US,555,249,20,4/25/2006,Harlequin,"Mystery;Mystery,Crime;Own;Romance"
28377,Heartsnatcher,Boris Vian/Stanley  Chapman/Raymond Queneau/John Sturrock,3.97,1564782999,9781564782991,en-GB,245,2430,77,10/3/2003,Dalkey Archive Press,"Fiction;Cultural,France;European Literature,French Literature;Novels;Classics;Literature,20th Century;Literature;Roman;Fantasy;Surreal"
2528,All the Names,José Saramago/Margaret Jull Costa,3.89,0156010593,9780156010597,eng,245,11016,734,10/5/2001,Mariner Books,"Fiction;Cultural,Portugal;Literature;European Literature,Portuguese Literature;Novels;Nobel Prize;Magical Realism;Literary Fiction;Romance;Contemporary"
30598,The Hunchback of Notre-Dame,Victor Hugo/Catherine Liu/Elizabeth McCracken,4.0,034547242X,9780345472427,en-US,534,140,22,11/2/2004,Modern Library,"Classics;Fiction;Historical,Historical Fiction;Cultural,France;Literature;European Literature,French Literature;Gothic;Historical;Romance;Novels"
20240,Search the Dark (Inspector Ian Rutledge  #3),Charles Todd,4.01,0312971281,9780312971281,eng,310,3896,324,5/15/2000,St. Martin's Press,"Mystery;Historical,Historical Fiction;Fiction;Mystery,Historical Mystery;Historical;European Literature,British Literature;Mystery,Crime;Thriller,Mystery Thriller;Mystery,Detective;War,World War I"
31350,Lovelock (Mayflower Trilogy  #1),Orson Scott Card/Kathryn H. Kidd,3.47,031287751X,9780312877514,en-US,288,2150,85,2/1/2001,St. Martins Press-3PL,Science Fiction;Fiction;Science Fiction Fantasy;Audiobook;Speculative Fiction;Adult;Family;Novels;Space
26197,Healthy Cooking for IBS: 100 Delicious Recipes to Keep You Symptom-Free,Sophie Braimbridge/Erica Jankovich,2.62,1584794941,9781584794943,eng,144,2,1,4/1/2006,Harry N. Abrams,Cooking
32780,The Iliad,Homer/Andrew Lang,3.86,1904633382,9781904633389,eng,542,64,8,9/1/2011,Collector's Library,"Classics;Poetry;Fiction;Fantasy,Mythology;Literature;Fantasy;Historical,Historical Fiction;Academic,School;Mythology,Greek Mythology;War"
43661,McNally's Alibi (Archy McNally Novels),Vincent Lardo/Lawrence Sanders,3.9,0425191192,9780425191194,eng,304,221,4,8/5/2003,Berkley,"Mystery;Fiction;Mystery,Cozy Mystery;Mystery,Crime;Mystery,Detective;Thriller"
7697,Persian Mirrors: The Elusive Face of Iran,Elaine Sciolino,3.82,0743284798,9780743284790,eng,432,546,53,10/3/2005,Free Press,"Cultural,Iran;Nonfiction;History;Travel;Politics;Writing,Journalism;Religion,Islam;Cultural;Cultural,Asia;Religion"
19373,Mark Twain's Adventures of Huckleberry Finn,Mark Twain/Richard P. Wasowski,3.82,0764587277,9780764587276,eng,264,12,0,5/1/2001,Hungry Minds,"Classics;Fiction;Historical,Historical Fiction;Literature;Young Adult;Adventure;Academic,School;Novels;Young Adult,High School;Academic,Read For School"
31262,The Road to Gandolfo,Robert Ludlum/Michael  Shepherd,3.64,0553271091,9780553271096,eng,320,5141,160,2/1/1992,Bantam,"Fiction;Thriller;Humor;Suspense;Spy Thriller,Espionage;Mystery;Adventure;Thriller,Spy Thriller;Action;Humor,Comedy"
38262,Moll Flanders,Daniel Defoe/Mark Schorer/Georgina Sutton,3.52,1853260738,9781853260735,eng,339,35344,975,10/5/1993,Wordsworth Editions,"Classics;Fiction;Literature;Historical,Historical Fiction;Literature,18th Century;European Literature,British Literature;Novels;Classics,Classic Literature;Historical;Academic,School"
10572,A Clash of Kings  (A Song of Ice and Fire  #2),George R.R. Martin,4.41,0553381695,9780553381696,eng,969,638766,16535,5/28/2002,Bantam,"Fantasy;Fiction;Fantasy,Epic Fantasy;Science Fiction Fantasy;Fantasy,High Fantasy;Adult;Adventure;Audiobook;Fantasy,Dragons;Epic"
40395,A Princess of Mars (Barsoom  #1),Edgar Rice Burroughs/John Seelye,3.81,0143104888,9780143104889,eng,186,38926,2355,1/30/2007,Penguin Books,Science Fiction;Fantasy;Classics;Fiction;Adventure;Science Fiction Fantasy;Pulp;Romance;Audiobook;Novels
32328,Air Gear  Vol. 2 (Air Gear  #2),Oh! Great/大暮 維人,4.04,034549279X,9780345492791,eng,224,686,8,10/31/2006,Del Rey,"Sequential Art,Manga;Manga,Shonen;Sports,Sports;Action;Science Fiction;Sequential Art,Comics;Humor;Sequential Art,Graphic Novels;Humor,Comedy"
10539,The Lost Continent:  Travels in Small-town America,Bill Bryson,3.83,0552998087,9780552998086,eng,379,729,78,1/2/1999,Black Swan,"Travel;Nonfiction;Humor;Autobiography,Memoir;Audiobook;Literature,American;Biography;The United States Of America;Travel,Travelogue;Humor,Comedy"
39311,Brand New Justice: How Branding Places and Products Can Help the Developing World,Simon Anholt,3.69,0750666005,9780750666008,en-US,184,15,0,1/15/2005,Routledge,
3532,First Love,Ivan Turgenev/Constance Garnett,3.78,0974607894,9780974607894,eng,124,5856,310,9/1/2004,Melville House Publishing,"Classics;Fiction;Cultural,Russia;Literature,Russian Literature;Romance;Literature,19th Century;Literature;Short Stories;Novella;Novels"
33874,Tara Road,Maeve Binchy,3.9,0752864777,9780752864778,eng,656,44,6,3/2/2006,Orion (an Imprint of The Orion Publishing Group Ltd ),"Fiction;Womens Fiction,Chick Lit;Romance;Cultural,Ireland;Contemporary;European Literature,Irish Literature;Adult Fiction;Novels;Adult;Drama"
31093,Lila: An Inquiry Into Morals (Phaedrus  #2),Robert M. Pirsig,3.78,0553299611,9780553299618,eng,480,5317,291,11/1/1992,Bantam,"Philosophy;Fiction;Literature;Novels;Spirituality;Psychology;Classics;Literature,American;Philosophy,Metaphysics;Contemporary"
2581,Ready for Anything: 52 Productivity Principles for Getting Things Done,David    Allen,3.85,0143034545,9780143034544,eng,165,3832,178,12/28/2004,Penguin Books,"Productivity;Business;Nonfiction;Self Help;Self Help,Personal Development;Reference;Business,Management;Psychology;Leadership;Business,Entrepreneurship"
14084,The Magic Barrel,Bernard Malamud/Jhumpa Lahiri,3.99,0374525862,9780374525866,en-US,240,1958,95,7/7/2003,Farrar  Straus and Giroux,"Short Stories;Fiction;Classics;Literature,Jewish;Literature;The United States Of America;Literature,American;Literary Fiction;Audiobook;Novels"
4599,Carter Beats the Devil,Glen David Gold,4.09,0786886323,9780786886326,eng,483,11095,880,9/18/2002,Hyperion,"Fiction;Historical,Historical Fiction;Mystery;Historical;Fantasy,Magic;Fantasy;Literature;Novels;Adventure;Contemporary"
22686,The Other Woman,Jane Green,3.7,0452287146,9780452287143,eng,389,29112,651,6/6/2006,Berkley,"Womens Fiction,Chick Lit;Fiction;Romance;Contemporary;Adult;Audiobook;Adult Fiction;Womens Fiction;Romance,Contemporary Romance;Relationships"
38826,Quito 1599: City and Colony in Transition,Kris Lane/Lyman L. Johnson,3.52,082632357X,9780826323576,eng,312,22,2,7/26/2002,University of New Mexico Press,History
19383,Cliffs Notes on Voltaire's Candide,James K. Lowers/CliffsNotes/Voltaire,3.4,0822002833,9780822002833,eng,80,9,3,3/29/1965,Cliffs Notes,
1230,L'Histoire de Pi,Yann Martel/Nicole Martel/Emile Martel,3.91,0828808392,9780828808392,fre,448,177,26,11/24/2005,Gallimard,"Fiction;Fantasy;Classics;Adventure;Contemporary;Magical Realism;Novels;Literature;Cultural,India;Philosophy"
35958,Sagwa  the Chinese Siamese Cat,Amy Tan/Gretchen Schields,4.03,0689846177,9780689846175,eng,40,995,57,9/1/2001,Aladdin Paperbacks,"Childrens,Picture Books;Childrens;Animals,Cats;Fiction;Cultural,China;Animals;Cultural,Asia;Short Stories;Childrens,Juvenile;Literature,Asian Literature"
32574,The Metamorphosis And Other Stories,Franz Kafka/Joachim Neugroschel,4.03,0684194260,9780684194264,eng,227,61,6,12/1/1993,Scribner Book Company,"Classics;Fiction;Short Stories;Literature;Fantasy;Philosophy;European Literature,German Literature;Horror;Literary Fiction;Academic,School"
3156,Drina Dances in Madeira,Jean Estoril/Mabel Esther Allan,4.09,0750002425,9780750002424,eng,164,139,6,2/6/1991,Simon and Schuster,Childrens;Young Adult;Fiction
8296,The First Four Years  (Little House  #9),Laura Ingalls Wilder/Garth Williams,3.89,0060885459,9780060885458,eng,126,28259,533,1/2/2007,HarperTrophy,"Historical,Historical Fiction;Classics;Childrens;Fiction;Young Adult;Historical;Childrens,Middle Grade;Childrens,Juvenile;Audiobook;Family"
44233,Judas Pig,Horace  Silver,4.27,1904316344,9781904316343,eng,345,63,9,7/1/2004,Do-Not Press,"Crime,True Crime;Mystery,Crime"
1234,Shadows and Wind: A View of Modern Vietnam,Robert Templer,3.49,0140285970,9780140285970,eng,400,102,8,9/1/1999,Penguin Books,"History;Nonfiction;Politics;Cultural,Asia;Travel"
38827,1599: A Year in the Life of William Shakespeare,James Shapiro,4.09,0571214800,9780571214808,eng,429,34,6,9/1/2005,Faber & Faber,"History;Nonfiction;Biography;Plays,Theatre;Criticism,Literary Criticism;European Literature,British Literature;Literature;Drama;Historical;Biography Memoir"
20876,The Omega Cage (Matador  #4),Steve Perry/Michael Reaves,3.78,0441623824,9780441623822,eng,256,522,18,4/1/1988,Ace,"Science Fiction;Fiction;Fantasy;Combat,Martial Arts"
39357,Bride & Groom (A Dog Lover's Mystery  #16),Susan Conant/Maxwell Award,3.78,0425200744,9780425200742,eng,262,263,19,1/4/2005,Berkley,"Mystery;Mystery,Cozy Mystery;Animals,Dogs;Fiction;Animals;Literature,American"
9526,Embroideries,Marjane Satrapi/Anjali Singh,3.86,0375714677,9780375714672,eng,144,14654,1121,4/18/2006,Pantheon,"Sequential Art,Graphic Novels;Sequential Art,Comics;Nonfiction;Autobiography,Memoir;Cultural,Iran;Feminism;Graphic Novels Comics;Biography;Humor;Womens"
675,Sailing from Byzantium: How a Lost Empire Shaped the World,Colin  Wells,3.88,0553803816,9780553803815,eng,368,646,83,7/25/2006,Delacorte Press,"History;Nonfiction;Historical,Medieval;History,Ancient History;History,Medieval History;Cultural,Russia;Religion,Islam;Travel;Historical;Religion"
8285,A Little House Birthday,Laura Ingalls Wilder/Doris Ettlinger,4.14,006443494X,9780064434942,eng,40,453,17,9/5/1998,HarperCollins,"Childrens,Picture Books;Historical,Historical Fiction;Childrens;Historical;Fiction;Classics;Kids;Academic,Read For School"
18631,Feersum Endjinn,Iain M. Banks,3.82,0553374591,9780553374599,eng,311,320,18,6/1/1995,Spectra/Bantam Books (NYC),"Science Fiction;Fiction;Fantasy;Space,Space Opera;Banking,Banks;Science Fiction,Cyberpunk;Novels;Science Fiction Fantasy;Speculative Fiction;Audiobook"
17646,The Tent,Margaret Atwood,3.7,0385516681,9780385516686,eng,159,5061,519,1/1/2006,Nan A. Talese,"Short Stories;Fiction;Poetry;Writing,Essays;Cultural,Canada;Literature;Literary Fiction;Contemporary;Feminism;Literature,Canadian Literature"
4866,How to Stop Worrying and Start Living,Dale Carnegie,4.12,0671035975,9780671035976,eng,358,61639,1607,10/5/2004,Gallery Books,"Self Help;Nonfiction;Psychology;Self Help,Personal Development;Business;Philosophy;Audiobook;Leadership;Inspirational;Health"
24149,Around the World in 8 1/2 Days (Judy Moody #7),Megan McDonald/Peter H. Reynolds,4.15,0763628328,9780763628321,eng,157,3408,113,7/25/2006,Candlewick Press (MA),"Childrens;Fiction;Realistic Fiction;Childrens,Chapter Books;Humor;Childrens,Middle Grade;Childrens,Juvenile;Young Adult;Childrens,2nd Grade;Childrens,1st Grade"
10662,The Ends of the Earth: A Journey to the Frontiers of Anarchy,Robert D. Kaplan,4.12,0679751238,9780679751236,eng,496,1278,74,1/28/1997,Vintage,"Travel;Nonfiction;History;Politics;Cultural,Africa;Cultural,Asia;War;Science,Geography;Sociology;Autobiography,Memoir"
27347,Under the Sea Wind (Nature Classic),Rachel Carson/Bob Hines,4.14,0140253807,9780140253801,eng,320,18,4,4/1/1996,Penguin,"Nonfiction;Environment,Nature;Science;Environment;Biology,Ecology;Classics;Animals;Science,Biology;Science,Natural History;Science Nature"
43812,Entrevista con el vampiro (Crónicas vampíricas  #1),Anne Rice/Marcelo Covián,3.99,8466616209,9788466616201,spa,463,1307,93,6/1/2005,Ediciones B,"Horror;Fantasy;Fiction;Paranormal,Vampires;Fantasy,Paranormal;Classics;Gothic;Fantasy,Supernatural;Historical,Historical Fiction;Fantasy,Urban Fantasy"
22789,犬夜叉 24,Rumiko Takahashi,4.26,4091256449,9784091256447,jpn,192,11,1,12/18/2001,小学館,"Sequential Art,Manga;Fantasy;Sequential Art,Graphic Novels;Romance;Manga,Shonen;Sequential Art,Comics;Science Fiction,Time Travel;Fiction;Comics Manga;Young Adult"
28538,Journey Into the Void (Sovereign Stone  #3),Margaret Weis/Tracy Hickman,3.86,0061020591,9780061020599,eng,578,1255,22,7/27/2004,Harper Voyager,"Fantasy;Fiction;Fantasy,High Fantasy;Fantasy,Epic Fantasy;Science Fiction Fantasy;Dungeons and Dragons,Dragonlance;Science Fiction;Fantasy,Dragons;Anthologies,Collections;Adventure"
106,Dune Messiah (Dune Chronicles #2),Frank Herbert,3.88,0441172695,9780441172696,eng,331,97494,2359,7/15/1987,Ace Books,"Science Fiction;Fiction;Fantasy;Classics;Science Fiction Fantasy;Space,Space Opera;Audiobook;Novels;Speculative Fiction;Space"
18762,Civilization and Its Discontents,Sigmund Freud/James Strachey,3.78,0393096238,9780393096231,eng,121,170,19,12/1/1961,W.W. Norton & Company  Inc. (NY),"Psychology;Philosophy;Nonfiction;Classics;Psychology,Psychoanalysis;Sociology;Philosophy,Theory;History;Politics;Academic,School"
11574,The Body,Stephen King/Robin Waterfield,4.25,0582418178,9780582418172,eng,80,29670,974,12/20/1999,Penguin Books,"Horror;Fiction;Short Stories;Young Adult,Coming Of Age;Thriller;Mystery;Young Adult;Audiobook;Classics;Novella"
16414,Joy in the Morning,P.G. Wodehouse/Chris Miller,4.34,0563557354,9780563557357,eng,2,49,7,4/6/1998,BBC Audiobooks,"Fiction;Humor;Classics;Humor,Comedy;European Literature,British Literature;Audiobook;Literature,20th Century;Novels;Historical,Historical Fiction;Literature"
15647,The Inferno of Dante: A New Verse Translation (Bilingual Edition),Dante Alighieri/Robert Pinsky/Michael Mazur,4.0,0374525315,9780374525316,mul,464,657,94,9/1/1997,Farrar  Straus and Giroux,"Classics;Poetry;Fiction;Literature;Religion;Fantasy;Academic,School;Philosophy;European Literature,Italian Literature;Historical,Medieval"
32884,Intimate Communion: Awakening Your Sexual Essence,David Deida/Lorrie Bortner,3.99,155874374X,9781558743748,eng,270,265,26,11/1/1995,Health Communications,"Sexuality;Relationships;Nonfiction;Spirituality;Self Help;Self Help,Personal Development;Psychology;Health;Love;Marriage"
13741,Crest of the Stars 2: A Modest War  (Seikai no Monshou  #2),Hiroyuki Morioka,4.11,1598165763,9781598165760,eng,222,135,5,1/1/2007,TokyoPop,"Novels,Light Novel;Science Fiction;Sequential Art,Manga;Fiction;Romance;Space"
40694,Ray Bradbury's Fahrenheit 451,Harold Bloom,4.18,0791059294,9780791059296,eng,147,991,52,12/31/2001,Chelsea House Publications,"Fiction;Science Fiction;Classics;Literature;Science Fiction,Dystopia;Criticism,Literary Criticism;Writing,Essays;Politics"
18910,The Parallax View,Slavoj Žižek,4.0,0262240513,9780262240512,eng,433,1027,51,2/10/2006,MIT Press (MA),"Philosophy;Nonfiction;Philosophy,Theory;Psychology,Psychoanalysis;Politics;Psychology;History;Sociology;Science;Criticism"
1405,The Eclogues and The Georgics,Virgil/Cecil Day-Lewis,3.8,0192837680,9780192837684,eng,180,259,15,9/2/1999,Oxford University Press,"Poetry;Classics;Roman;Philosophy;Literature;Literature,Ancient;History;Nonfiction;Fantasy,Mythology;Academic,School"
21682,Coronado: Stories,Dennis Lehane,3.38,006113967X,9780061139673,eng,240,2907,261,8/8/2006,William Morrow,"Short Stories;Fiction;Mystery;Mystery,Crime;Thriller;Mystery,Noir;Thriller,Mystery Thriller;Contemporary;Anthologies,Collections;Drama"
17328,Open My Eyes  Lord: A Practical Guide to Angelic Visitations and Heavenly Experiences,Gary Oates/Robert Paul Lamb/Randy Clark,4.31,0975262203,9780975262207,eng,148,126,7,1/1/2004,Open Heaven Publications,"Religion,Faith;Religion,Christianity"
41659,Prom Anonymous,Blake Nelson,3.42,0142407453,9780142407455,eng,262,462,59,2/15/2007,Speak,"Young Adult;Romance;Fiction;Contemporary;Young Adult,Teen"
4945,The Little Mouse  the Red Ripe Strawberry and the Big Hungry Bear,Don    Wood,4.32,0859533301,9780859533300,en-US,32,65,10,9/1/1996,Child's Play International,"Childrens,Picture Books;Childrens;Animals;Childrens,Storytime;Fiction;Food and Drink,Food;Humor;Kids;Classics;Fantasy"
12317,Human  All Too Human (Complete Works 3),Friedrich Nietzsche/Gary Handwerk,4.21,0804741719,9780804741712,en-US,396,64,4,12/1/2000,Stanford University Press (Stanford  CA),"Philosophy;Nonfiction;Classics;European Literature,German Literature;Psychology;Writing,Essays;Literature,19th Century;Cultural,Germany;History;Literature"
5220,The Poisonwood Bible,Barbara Kingsolver,4.06,0060930535,9780060930530,eng,546,5773,828,10/1/1999,Harper Perennial,"Fiction;Historical,Historical Fiction;Cultural,Africa;Classics;Historical;Literary Fiction;Literature;Novels;Religion;Adult Fiction"
31050,A Three Dog Life,Abigail Thomas,3.74,0151012113,9780151012114,en-US,182,191,47,9/5/2006,Houghton Mifflin Harcourt,"Autobiography,Memoir;Nonfiction;Animals,Dogs;Animals;Biography;Biography Memoir;Biography,Autobiography;Relationships;Family;Womens"
38804,The Irish Anatomist: A Study of Flann O'Brien,Keith Donohue,5.0,1930901356,9781930901353,eng,222,1,0,7/25/2003,Academica Press,
14490,$30 Film School: How to Write  Direct  Produce  Shoot  Edit  Distribute  Tour With  and Sell Your Own No-Budget Digital Movie,Michael W. Dean,3.49,1592000673,9781592000678,eng,528,30,4,5/13/2003,Cengage Learning,"Culture,Film;Nonfiction"
11262,Absolute Truths (Starbridge  #6),Susan Howatch,4.34,0517170779,9780517170779,eng,672,1066,52,8/14/1996,Random House Value Publishing,"Fiction;Historical,Historical Fiction;Religion;Spirituality;European Literature,British Literature;Novels;Contemporary;Christian;Christian Fiction;Religion,Christianity"
23784,The Major Plays,Anton Chekhov/Ann Dunnigan/Rosamund Bartlett/Robert Brustein,4.18,0451530373,9780451530370,eng,406,102,16,12/5/2006,Signet,"Plays;Classics;Drama;Cultural,Russia;Fiction;Literature,Russian Literature;Plays,Theatre;Literature;Literature,19th Century;Literature,20th Century"
29533,Satan Burger,Carlton Mellick III,3.56,0971357234,9780971357235,eng,230,1691,129,11/1/2001,Eraserhead Press,"Horror,Bizarro Fiction;Fiction;Horror;Fantasy;Humor;Science Fiction;Contemporary;Science Fiction,Dystopia;Fantasy,Supernatural;Religion"
9806,Our Ancestors: The Cloven Viscount  The Baron in the Trees  The Non-Existent Knight,Italo Calvino,4.27,0330261568,9780330261562,eng,393,958,57,12/31/1980,Picador,"Fiction;European Literature,Italian Literature;Classics;Cultural,Italy;Fantasy;Magical Realism;Literature;Short Stories;Literature,20th Century;Novels"
22915,The Complete Brothers Grimm Fairy Tales,Jacob Grimm/Wilhelm Grimm,4.3,0517229250,9780517229255,en-US,680,4420,165,10/3/2006,Gramercy Books,"Classics;Fantasy;Fiction;Fantasy,Fairy Tales;Childrens;Short Stories;Literature;Fantasy,Mythology;European Literature,German Literature;Folklore"
28660,The Curse of the Mistwraith (Wars of Light and Shadow  #1),Janny Wurts,3.76,0586210695,9780586210697,eng,830,4655,202,5/1/2009,HarperCollins,"Fantasy;Fantasy,Epic Fantasy;Fiction;Fantasy,High Fantasy;Science Fiction Fantasy;Epic;Adult;Fantasy,Magic;Science Fiction;Unfinished"
27315,Analects,Confucius/Edward Slingerland,3.83,0872206351,9780872206359,eng,312,115,17,9/15/2003,Hackett Publishing Company  Inc.,"Philosophy;Classics;Nonfiction;Cultural,China;Religion;History;Spirituality;Philosophy,Eastern Philosophy;Cultural,Asia;Literature,Ancient"
31174,Selected Works of the Brontë Sisters: Jane Eyre / Villette / Wuthering Heights / Agnes Grey / The Tenant of Wildfell Hall,Charlotte Brontë/Emily Brontë/Anne Brontë,4.38,1840220600,9781840220605,eng,1488,96,6,1/5/1998,Wordsworth Classics,"Classics;Classics,Classic Literature"
30246,Blue Moon (Anita Blake  Vampire Hunter  #8),Laurell K. Hamilton,4.05,0515134457,9780515134452,en-US,418,55670,835,9/24/2002,Berkley Books,"Fantasy,Urban Fantasy;Paranormal,Vampires;Fantasy,Paranormal;Fantasy;Romance;Romance,Paranormal Romance;Horror;Fiction;Fantasy,Supernatural;Shapeshifters,Werewolves"
2735,Snow Falling On Cedars,David Guterson,3.83,074754655X,9780747546559,eng,404,588,46,10/21/1999,Bloomsbury Publishing PLC,"Fiction;Historical,Historical Fiction;Mystery;Historical;Literature;Novels;Literary Fiction;Classics;Romance;Adult Fiction"
15521,I Maccabees,Jonathan  A. Goldstein/Anonymous,3.96,0385085338,9780385085335,eng,592,8,0,6/16/1976,Anchor Bible,Religion;History
17255,McCoy: The Provenance Of Shadows (Star Trek: Crucible  #1),David R. George III,4.14,0743491688,9780743491686,eng,640,332,38,8/29/2006,Pocket Books,"Media Tie In,Star Trek;Science Fiction;Fiction;Star Trek,Star Trek Original Series;Science Fiction,Time Travel;Media Tie In;Science Fiction Fantasy"
34449,The Makioka Sisters,Jun'ichirō Tanizaki/Edward G. Seidensticker,4.03,0679761640,9780679761648,eng,530,4596,441,9/26/1995,Vintage,"Cultural,Japan;Fiction;Classics;Asian Literature,Japanese Literature;Historical,Historical Fiction;Cultural,Asia;Literature;Historical;Literature,Asian Literature;Novels"
23479,La casa en Mango Street,Sandra Cisneros/Elena Poniatowska,3.63,0613046889,9780613046886,spa,110,35,5,10/18/1994,Turtleback Books,"Fiction;Classics;Young Adult;Short Stories;Academic,School;Contemporary;Young Adult,Coming Of Age;Academic,Read For School;Poetry;Realistic Fiction"
19981,Law of Enclosures,Dale Peck,3.65,067100347X,9780671003470,eng,320,72,2,2/1/1997,Washington Square Press,"Fiction;LGBT;LGBT,Queer;Novels"
38678,Peter Pan,J.M. Barrie/Tim Curry,4.08,0743564529,9780743564526,eng,5,46,7,10/5/2006,Simon  Schuster Audio,"Classics;Fantasy;Fiction;Childrens;Adventure;Young Adult;Childrens,Middle Grade;Audiobook;Fantasy,Fairy Tales;Literature"
32750,Brown Girl  Brownstones,Paule Marshall/Mary Helen Washington/Edwidge Danticat,4.07,1558614982,9781558614987,eng,324,2466,107,8/1/2006,Feminist Press,"Fiction;Historical,Historical Fiction;Classics;Cultural,African American;Race;New York;Young Adult;Novels;Young Adult,Coming Of Age;Historical"
31472,Middlemarch: An Authoritative Text  Backgrounds  Reviews and Criticism,George Eliot/Bert G. Hornback,3.96,0393092100,9780393092103,eng,578,47,10,9/1/1977,W. W. Norton & Company,"Classics;Fiction;Historical,Historical Fiction;Literature;Literature,19th Century;Historical,Victorian;Novels;European Literature,British Literature;Romance;Audiobook"
32626,Books of Blood: Volumes One to Three (Books of Blood #1-3),Clive Barker,4.18,0425165582,9780425165584,eng,507,22863,491,10/1/1998,Berkley Books,"Horror;Short Stories;Fiction;Fantasy;Anthologies;Thriller;Fantasy,Supernatural;Anthologies,Collections;Fantasy,Paranormal;Horror,Splatterpunk"
15438,Firefly,Piers Anthony,3.25,0380759500,9780380759507,eng,466,2420,128,3/1/1992,Avon Books,"Horror;Fantasy;Fiction;Science Fiction;Mystery;Thriller;Science Fiction Fantasy;Adult Fiction,Erotica;Suspense;Speculative Fiction"
42038,Shakespeare's Sonnets,William Shakespeare/Katherine Duncan-Jones,4.25,1903436575,9781903436578,eng,488,70617,614,8/21/1997,Bloomsbury Academic,"Poetry;Classics;Fiction;Literature;Romance;Plays;European Literature,British Literature;Academic,School;Classics,Classic Literature;Literature,17th Century"
24309,Out of Sight  Out of Mind (The Amazing Days of Abby Hayes  #9),Anne Mazer/Monica Gesue/Joyce White,3.88,0439353688,9780439353687,en-US,144,595,11,12/1/2002,Scholastic Paperbacks,"Childrens;Fiction;Childrens,Middle Grade;Realistic Fiction;Kids;Academic,School;Childrens,Juvenile;Childrens,Chapter Books"
45052,The Mini Zen Gardening Kit,Daniel Abdal-Hayy Moore,3.16,0762408286,9780762408283,eng,40,14,1,9/4/2000,RP Minis,Nonfiction
20241,Bill Bryson's African Diary,Bill Bryson,3.44,0385605145,9780385605144,eng,63,264,22,12/2/2002,Doubleday,"Travel;Nonfiction;Cultural,Africa;Autobiography,Memoir;Humor;Eastern Africa,Kenya;Biography;Adventure;Travel,Travelogue;History"
7505,Beach Girls,Luanne Rice,4.06,0553587242,9780553587241,eng,448,8113,234,8/3/2004,Bantam,"Fiction;Romance;Womens Fiction,Chick Lit;Family;Womens Fiction;Contemporary;Romance,Contemporary Romance;Adult;Love;Christian Fiction"
35988,The Avignon Quintet: Monsieur  Livia  Constance  Sebastian and Quinx,Lawrence Durrell,4.07,0571225551,9780571225552,en-US,1376,287,23,11/1/2004,Faber & Faber,"Fiction;Cultural,France;Historical,Historical Fiction;Novels;Literature;Classics;Northern Africa,Egypt;Literary Fiction;European Literature,British Literature;Literature,20th Century"
7321,The Complete Dream Dictionary,Pamela Ball,3.68,0785812148,9780785812142,eng,390,36,0,4/1/2000,Booksales,"Nonfiction;Reference;Reference,Dictionaries;Psychology"
11359,Tar Baby,Toni Morrison,3.93,1400033446,9781400033447,eng,320,15795,447,6/8/2004,Vintage,"Fiction;Classics;Cultural,African American;Novels;Literary Fiction;Literature;Literature,American;Race;Contemporary;American,African American Literature"
25905,Beneath the Wheel,Hermann Hesse/Michael E. Roloff,3.85,031242230X,9780312422301,eng,192,8494,289,7/1/2003,Picador,"Fiction;Classics;European Literature,German Literature;Literature;Novels;Philosophy;Cultural,Germany;Academic,School;Literature,20th Century;Roman"
12444,Maia (Beklan Empire #2),Richard  Adams,4.01,0670800333,9780670800339,eng,1056,1719,133,9/27/1984,Viking Press,"Fantasy;Fiction;Science Fiction Fantasy;Romance;Speculative Fiction;Adult Fiction,Erotica;Historical,Historical Fiction;Historical;Classics;Fantasy,Epic Fantasy"
13140,Jack & Jill (Alex Cross  #3),James Patterson,3.96,0446692654,9780446692656,eng,466,58414,1191,8/1/2003,Grand Central Publishing,"Mystery;Fiction;Thriller;Mystery,Crime;Suspense;Thriller,Mystery Thriller;Mystery,Detective;Adult;Mystery,Murder Mystery;Audiobook"
4999,Iron Kingdom: The Rise and Downfall of Prussia  1600–1947,Christopher   Clark,4.14,0674023854,9780674023857,eng,776,2583,183,9/29/2006,Belknap Press of Harvard University Press,"History;Nonfiction;Cultural,Germany;History,European History;Politics;War,Military Fiction;War;European Literature,German Literature;History,World History;Historical"
14960,Eden Close,Anita Shreve,3.66,0156031337,9780156031332,en-US,265,8661,447,10/4/2005,Mariner Books,"Fiction;Romance;Womens Fiction,Chick Lit;Contemporary;Mystery;Adult Fiction;Young Adult,Coming Of Age;Adult;Drama;Novels"
30580,Cancer Ward,Aleksandr Solzhenitsyn/Nicholas Bethell/David Burg,4.21,0679601635,9780679601630,eng,536,79,10,6/13/1995,Modern Library,"Fiction;Classics;Cultural,Russia;Literature,Russian Literature;Literature;Historical,Historical Fiction;Novels;Literature,20th Century;Nobel Prize;Health,Medicine"
4278,Medicus (Gaius Petreius Ruso  #1),Ruth Downie,3.73,1596912316,9781596912311,eng,386,5723,695,3/6/2007,Bloomsbury Publishing PLC,"Historical,Historical Fiction;Mystery;Fiction;Historical;Mystery,Historical Mystery;Mystery,Crime;Audiobook;Roman;Thriller,Mystery Thriller;Literature,Ancient"
1728,The Poems of Exile: Tristia and the Black Sea Letters,Ovid/Peter Green,4.12,0520242602,9780520242609,eng,451,432,14,1/18/2005,University of California Press,"Poetry;Classics;Literature;Literature,Ancient;History;Roman;History,Ancient History;Philosophy;Reference,Research"
26438,Java: An Introduction to Problem Solving and Programming,Walter J. Savitch,3.85,0131492020,9780131492028,en-US,1060,26,1,12/1/2004,Prentice Hall,"Computer Science,Programming;Textbooks;Science,Technology;Nonfiction;Academic;Science,Computer Science;Computer Science,Computers"
41887,Uncle Shelby's ABZ Book,Shel Silverstein,4.36,067121148X,9780671211486,eng,80,2550,222,9/9/1985,Gallery Books,"Humor;Poetry;Fiction;Childrens;Childrens,Picture Books;Classics;Art;Adult;Literature;Humor,Comedy"
707,Naked Pictures of Famous People,Jon   Stewart,3.59,0688171621,9780688171629,en-GB,164,8703,417,9/22/1999,Dey Street Books,"Humor;Nonfiction;Humor,Comedy;Writing,Essays;Short Stories;Politics;History;Anthologies,Collections;Religion;Autobiography,Memoir"
14731,戰廢品,Ha Jin/季思聰,3.79,9571343897,9789571343891,zho,392,1,0,11/1/2005,時報出版,"Fiction;Historical,Historical Fiction;Cultural,China;War;Cultural,Asia;Historical;Literature;Literature,Asian Literature;Novels;Literary Fiction"
8761,The Weekenders: Travels in the Heart of Africa,W.F. Deedes/Sue Ryan/Alex Garland/Tony Hawks/Andrew O'Hagan/Irvine Welsh/Giles Foden/Victoria Glendinning,3.16,0091881803,9780091881801,eng,340,123,12,11/8/2001,Ebury Press,"Travel;Cultural,Africa;Nonfiction;Short Stories"
2680,Empire 2.0: A Modest Proposal for a United States of the West (Terra Nova),Xavier de C./Xavier de C./Joseph Rowe,4.67,1556434952,9781556434952,eng,144,3,0,5/4/2004,North Atlantic Books,Political Science
3347,The Basque History of the World: The Story of a Nation,Mark Kurlansky,3.85,0140298517,9780140298512,eng,400,3457,329,2/1/2001,Penguin Books,"History;Nonfiction;Cultural,Spain;Travel;History,European History;Politics;Cultural,France;Historical;Audiobook;Anthropology"
16556,The Infinite Plan,Isabel Allende,3.72,0060924985,9780060924980,eng,384,7347,300,3/4/1994,Harper Perennial,"Fiction;Historical,Historical Fiction;Magical Realism;European Literature,Spanish Literature;Novels;Romance;Literature;Cultural,Latin American;Contemporary;Literary Fiction"
19043,Tabby in the Tub (Animal Ark  #29),Ben M. Baglio/Linda Chapman/Jenny Gregory,3.96,0439343909,9780439343909,eng,139,768,33,8/1/2003,Scholastic Paperbacks,"Animals;Childrens;Fiction;Realistic Fiction;Animals,Cats;Childrens,Middle Grade;Childrens,Picture Books;Childrens,Juvenile;Academic,School;Kids"
5544,Surely You're Joking  Mr. Feynman!: Adventures of a Curious Character,Richard P. Feynman,4.28,0393316041,9780393316049,eng,391,106526,3685,4/12/1997,W. W. Norton & Company,"Science;Nonfiction;Biography;Science,Physics;Autobiography,Memoir;Biography,Autobiography;Humor;History;Biography Memoir;Audiobook"
7707,Pygmalion & My Fair Lady,George Bernard Shaw/Alan Jay Lerner,4.26,0451530098,9780451530097,eng,240,14962,61,3/7/2006,Signet,"Plays;Classics;Fiction;Drama;Plays,Theatre;Romance;Literature;Historical,Historical Fiction;Humor,Comedy;Music"
13489,JoJo's Bizarre Adventure  Vol. 5 (Stardust Crusaders  #5),Hirohiko Araki,4.41,1421506548,9781421506548,eng,208,363,5,9/5/2006,VIZ Media,"Sequential Art,Manga;Sequential Art,Comics;Fantasy;Sequential Art,Graphic Novels;Adventure;Comics Manga;Fantasy,Supernatural;Fiction;Horror;Manga,Shonen"
7035,Morality for Beautiful Girls (No. 1 Ladies' Detective Agency #3),Alexander McCall Smith,3.98,1400031362,9781400031368,eng,227,33028,1493,11/12/2002,Random House Anchor,"Mystery;Fiction;Cultural,Africa;Mystery,Crime;Southern Africa,Botswana;Mystery,Detective;Thriller,Mystery Thriller;Mystery,Cozy Mystery;Humor;Audiobook"
39501,The Burglar Who Thought He Was Bogart (Bernie Rhodenbarr  #7),Lawrence Block,3.89,0060872799,9780060872793,en-US,400,2134,99,10/31/2006,HarperTorch,"Mystery;Fiction;Mystery,Crime;Humor;Thriller,Mystery Thriller;Mystery,Detective;New York;Thriller;Literature,American;Audiobook"
22311,All Families Are Psychotic,Douglas Coupland,3.67,0007117531,9780007117536,eng,279,361,32,7/1/2002,Harper Perennial,"Fiction;Cultural,Canada;Contemporary;Humor;Novels;Literary Fiction;Literature;Family;Adult Fiction;Literature,Canadian Literature"
27516,The Brethren: Inside the Supreme Court,Bob Woodward/Scott Armstrong,4.11,0743274024,9780743274029,eng,592,3841,189,7/1/2005,Simon & Schuster,"History;Law;Nonfiction;Politics;North American Hi...,American History;Politics,Government;Biography;Politics,Political Science;Writing,Journalism;Literature,American"
43039,White Fang,Kathleen Olmstead/Jack London/Dan Andreasen/Arthur Pober,4.24,1402725000,9781402725005,en-US,160,713,31,3/28/2006,Sterling,"Classics;Fiction;Childrens;Animals,Dogs;Academic,School"
3886,The Bon Appetit Cookbook,Barbara Fairchild,4.07,0764596861,9780764596865,eng,816,1816,22,8/15/2006,Houghton Mifflin Harcourt,"Food and Drink,Cookbooks;Food and Drink,Cooking;Food and Drink,Food;Reference;Nonfiction"
23203,Pilgrims Pa,Elizabeth Gilbert,3.13,0395924855,9780395924853,eng,224,10,2,9/17/1998,Mariner Books,"Short Stories;Fiction;Literary Fiction;Adult Fiction;Literature;Contemporary;Audiobook;The United States Of America;Adult;Anthologies,Collections"
30284,Nachtschwärmer (Meredith Gentry  #2),Laurell K. Hamilton,4.06,3442358957,9783442358953,ger,586,13,0,5/1/2003,Blanvalet Taschenbuch Verlag,"Fantasy;Fantasy,Urban Fantasy;Fantasy,Paranormal;Romance;Romance,Paranormal Romance;Fairies,Fae;Fiction;Adult Fiction,Erotica;Fantasy,Magic;Fantasy,Supernatural"
27724,Mirror in the Mirror,Michael Ende/J. Maxwell Brownjohn,4.14,067080682X,9780670806829,eng,224,74,5,6/5/1986,Viking UK,"Fantasy;Short Stories;Fiction;European Literature,German Literature;Magical Realism;Literature;Cultural,Germany;Literature,20th Century;Anthologies,Collections;Novels"
40156,The Thief (The Queen's Thief  #1),Megan Whalen Turner,3.88,0613060326,9780613060325,eng,220,97,17,1/28/1998,San Val,"Fantasy;Young Adult;Fiction;Adventure;Historical,Historical Fiction;Young Adult,Young Adult Fantasy;Fantasy,High Fantasy;Fantasy,Mythology;Audiobook;Childrens,Middle Grade"
864,The Alchemist,Paulo Coelho/Alan R. Clarke/James Noel Smith,3.86,0060887966,9780060887964,eng,192,920,76,5/2/2006,HarperOne,Fiction;Classics;Fantasy;Philosophy;Novels;Spirituality;Self Help;Literature;Adventure;Inspirational
15957,The Patron Saint of Liars,Ann Patchett,3.8,1841150509,9781841150505,eng,352,25342,2493,4/1/2003,HarperCollins Publishers,"Fiction;Historical,Historical Fiction;Literary Fiction;Adult Fiction;Audiobook;Contemporary;Novels;Literature;Literature,American;Drama"
13106,The Celestine Prophecy,James Redfield/Lou Diamond Phillips,3.64,1594831955,9781594831959,en-US,0,64,10,2/16/2006,Grand Central Publishing,"Fiction;Spirituality;Philosophy;Self Help;Spirituality,New Age;Fantasy;Religion;Inspirational;Adventure;Novels"
39662,Different Seasons,Stephen King,4.35,0751514624,9780751514629,eng,560,127648,2080,2/16/1995,Warner Books,Horror;Fiction;Short Stories;Thriller;Mystery;Fantasy;Drama;Classics;Suspense;Anthologies
8086,A Robin McKinley Collection: Spindle's End  The Hero and the Crown and The Blue Sword (Folktales #1-3),Robin McKinley,4.39,0142302333,9780142302330,eng,1008,527,12,9/16/2002,Puffin,"Fantasy;Young Adult;Fantasy,Fairy Tales;Fiction;Retellings;Childrens;Fantasy,Magic"
38339,Secrets  Lies and Democracy,Noam Chomsky/David Barsamian,3.98,1878825046,9781878825049,eng,128,934,27,7/1/2002,Odonian Press,"Politics;Nonfiction;Philosophy;History;Politics,Political Science;Sociology;Economics;Social Science;North American Hi...,American History;Education"
39093,The Making of the Fittest: DNA and the Ultimate Forensic Record of Evolution,Sean B. Carroll/Jamie W. Carroll/Leanne M. Olds,4.07,0393061639,9780393061635,eng,304,2611,105,10/17/2006,W. W. Norton  Company,"Science;Biology,Evolution;Nonfiction;Science,Biology;Biology,Genetics;Science,Popular Science;Science Nature;Environment,Nature;Science,Natural History;Animals"
28698,To Green Angel Tower  Part 2 (Memory  Sorrow  and Thorn  #3; Part 2),Tad Williams,4.2,0886776066,9780886776060,eng,815,20025,215,7/1/1994,DAW Fantasy,"Fantasy;Fiction;Fantasy,Epic Fantasy;Fantasy,High Fantasy;Science Fiction Fantasy;Epic;Adventure;Fantasy,Magic;Audiobook;Science Fiction"
5552,QED: The Strange Theory of Light and Matter,Richard P. Feynman,4.24,0691024170,9780691024172,eng,158,13463,320,10/21/1988,Princeton University Press,"Science;Science,Physics;Nonfiction;Science,Popular Science;Physics,Quantum Mechanics;Science,Mathematics;Philosophy;Academic;Reference;Computer Science,Technical"
37564,A Different Mirror: A History of Multicultural America,Ronald Takaki,4.13,0316831115,9780316831116,en-US,508,3389,212,6/1/1994,Back Bay Books,"History;Nonfiction;Race;Social Movements,Social Justice;Race,Anti Racist;North American Hi...,American History;Politics;Sociology;Academic,School;Education"
3918,Divorcio a la Francesa: Le Divorce,Diane Johnson/Carlos Milla Soler/Roberto Fernandez Sastre,2.88,8420466557,9788420466552,spa,388,6,0,6/1/2003,Santillana USA Publishing Company,"Fiction;Womens Fiction,Chick Lit;Cultural,France;Romance;Contemporary;Novels;Humor;Travel;Literary Fiction;Adult Fiction"
17866,Glasshouse,Charles Stross,3.87,0441014038,9780441014033,en-US,335,8975,464,6/27/2006,Ace Books,"Science Fiction;Fiction;Science Fiction,Cyberpunk;Science Fiction Fantasy;Speculative Fiction;Science Fiction,Dystopia;Thriller;Singularity;Fantasy;Science Fiction,Hard Science Fiction"
31101,Mr. Maybe,Jane Green,3.45,0767905202,9780767905206,eng,368,87217,832,6/11/2002,Broadway Books,"Womens Fiction,Chick Lit;Fiction;Romance;Contemporary;Romance,Contemporary Romance;Adult;Adult Fiction;Humor;European Literature,British Literature;Womens Fiction"
32137,Summer of the Dragon,Elizabeth Peters,3.92,0380731223,9780380731220,eng,352,2419,102,3/6/2001,HarperCollins,"Mystery;Fiction;Romance;Adventure;Romance,Romantic Suspense;Audiobook;Mystery,Cozy Mystery;Thriller,Mystery Thriller;History,Archaeology;Contemporary"
8230,Winter on the Farm,Laura Ingalls Wilder/Renée Graef/Jody Wheeler,4.15,006440692X,9780064406925,eng,32,424,25,9/6/1997,Winter on the Farm (My First Little House),"Childrens,Picture Books;Historical,Historical Fiction;Childrens;Fiction;Holiday,Christmas;Historical;Academic,School;Animals;Academic,Read For School;Kids"
11657,Terrorist,John Updike,3.17,0307264653,9780307264657,eng,320,3490,410,6/6/2006,Knopf,"Fiction;Literature;Contemporary;Literature,American;War,Terrorism;Novels;Thriller;Literary Fiction;Religion;Politics"
5498,Adrift on the Nile,Naguib Mahfouz/Frances Liardet,3.82,0385423330,9780385423335,eng,167,411,38,1/1/1994,Anchor Books,"Fiction;Novels;Northern Africa,Egypt;Literature;Classics;Philosophy;Cultural,Africa;African Literature,Egyptian Literature;Literature,20th Century;Nobel Prize"
45195,A Passage to India,E.M. Forster/Oliver Stallybrass/Pankaj Mishra,3.68,014144116X,9780141441160,eng,376,55810,2148,8/30/2005,Penguin Books,"Classics;Fiction;Cultural,India;Historical,Historical Fiction;Literature;Novels;European Literature,British Literature;Literature,20th Century;Historical;Literary Fiction"
9507,Virginia Woolf: An Inner Life,Julia Briggs,4.15,0156032295,9780156032292,eng,544,635,21,11/6/2006,Mariner Books,"Biography;Nonfiction;Literature;Feminism;Language,Writing;Biography Memoir;European Literature,British Literature;Criticism,Literary Criticism;History;Literary Fiction"
27691,The Gabriel Hounds,Mary  Stewart,3.92,0061145394,9780061145391,eng,322,3629,145,11/28/2006,HarperTorch,"Mystery;Fiction;Romance;Romance,Romantic Suspense;Suspense;Gothic;Thriller;Historical,Historical Fiction;Historical;Thriller,Mystery Thriller"
7961,Saints,Orson Scott Card,3.54,0312876068,9780312876067,eng,608,2436,268,3/14/2001,Forge Books,"Historical,Historical Fiction;Fiction;Christianity,Lds;Lds,Lds Fiction;Historical;Religion;Lds,Mormonism;Novels;Audiobook;Romance"
18403,El Club Dante,Matthew Pearl/Vicente Villacampa,3.38,8432217204,9788432217203,spa,586,156,9,3/1/2006,Planeta Publishing,"Mystery;Fiction;Historical,Historical Fiction;Thriller;Historical;Mystery,Crime;Thriller,Mystery Thriller;Mystery,Historical Mystery;Writing,Books About Books;Suspense"
15566,The Elf Queen of Shannara (Heritage of Shannara  #3),Terry Brooks,4.04,1857238273,9781857238273,eng,416,26676,188,3/4/1998,Orbit,"Fantasy;Fiction;Fantasy,Epic Fantasy;Science Fiction Fantasy;Fantasy,High Fantasy;Adventure;Fantasy,Magic;Epic;Science Fiction;Adult"
10332,Mandy,Julie Andrews Edwards/Johanna Westerman,4.24,0061131628,9780061131622,eng,320,9944,846,8/15/2006,HarperCollins,"Fiction;Childrens;Childrens,Middle Grade;Young Adult;Classics;Historical,Historical Fiction;Childrens,Juvenile;Realistic Fiction;Childrens,Chapter Books;Kids"
17032,Flatland: A Romance of Many Dimensions,Edwin A. Abbott,3.82,1406503436,9781406503432,eng,100,11,1,1/16/2006,Dodo Press,"Fiction;Science Fiction;Classics;Science,Mathematics;Fantasy;Philosophy;Literature;Novels;Science,Physics;Literature,19th Century"
3858,Holy Cow: An Indian Adventure,Sarah Macdonald,3.53,0767915747,9780767915748,eng,304,15315,1101,4/13/2004,Broadway Books,"Travel;Nonfiction;Cultural,India;Autobiography,Memoir;Biography;Religion;Cultural,Asia;Humor;Adventure;Spirituality"
32773,Mountain Madness (Wilderness  #24),David   Robbins/David Thompson,4.45,0843943998,9780843943993,eng,170,22,2,6/1/1998,Leisure Books,Fiction
33735,What The Lady Wants,Jennifer Crusie,3.64,155166951X,9781551669519,eng,256,5707,243,10/25/2002,MIRA,"Romance;Romance,Contemporary Romance;Womens Fiction,Chick Lit;Contemporary;Fiction;Mystery;Humor;Category Romance,Harlequin;Humor,Comedy;Adult Fiction"
28004,Cider,Annie Proulx/Lew Nichols,3.64,1580175201,9781580175203,eng,224,182,25,9/8/2003,Storey Publishing  LLC,"Nonfiction;Food and Drink,Food;Food and Drink,Cooking;Food and Drink,Cookbooks;Beer,Brewing;Reference;Horticulture,Gardening;Science;Art,Crafts;Cooking,Food Preservation"
27669,Bury the Chains,Adam Hochschild,4.28,0333904915,9780333904916,eng,467,13,1,3/18/2005,MacMillan,"History;Nonfiction;Cultural,Africa;Race;Politics;Social Movements,Social Justice;History,World History;European Literature,British Literature;History,European History;Literature,18th Century"
2049,The High Window (Philip Marlowe  #3),Raymond Chandler,4.08,0394758269,9780394758268,eng,265,13233,570,8/12/1992,Vintage Crime/Black Lizard,"Mystery;Fiction;Mystery,Crime;Mystery,Noir;Mystery,Detective;Classics;Mystery,Hard Boiled;Novels;Literature,American;Thriller,Mystery Thriller"
17608,Everybody Was Kung Fu Fighting: Afro-Asian Connections and the Myth of Cultural Purity,Vijay Prashad,3.95,0807050113,9780807050118,en-US,232,201,21,11/18/2002,Beacon Press,"Nonfiction;Race;History;Philosophy,Theory;Sociology;Academic;Cultural,Asia;Philosophy;Reference,Research;Politics"
1192,Everyday Italian: 125 Simple and Delicious Recipes,Giada De Laurentiis,3.95,1400052580,9781400052585,eng,256,40125,217,2/22/2005,Clarkson Potter,"Food and Drink,Cookbooks;Food and Drink,Cooking;Food and Drink,Food;Nonfiction;Reference;Food and Drink,Foodie;European Literature,Italian Literature;Cultural,Italy;Food and Drink;Food and Drink,Culinary"
34251,The Girl in the Glass,Jeffrey Ford,3.72,0060936193,9780060936198,eng,304,785,126,8/16/2005,William Morrow Paperbacks,"Historical,Historical Fiction;Fiction;Mystery;Fantasy;Historical;Novels;Thriller,Mystery Thriller;Horror;Literature;Speculative Fiction"
2613,Unleashing the Ideavirus: Stop Marketing AT People! Turn Your Ideas into Epidemics by Helping Your Customers Do the Marketing thing for You.,Seth Godin/Malcolm Gladwell,3.98,0786887176,9780786887170,en-US,234,4600,88,10/10/2001,Hachette Books,"Business;Nonfiction;Business,Entrepreneurship;Leadership;Psychology;Self Help;Language,Communication;Buisness;Currency,Money;Self Help,Personal Development"
9815,The View from Castle Rock,Alice Munro,3.68,1400042828,9781400042821,eng,349,3459,423,11/7/2006,Alfred A. Knopf,"Short Stories;Fiction;Cultural,Canada;Historical,Historical Fiction;Nobel Prize;Literature,Canadian Literature;Literary Fiction;Contemporary;Literature;Audiobook"
35454,The Dharma of Star Wars,Matthew Bortolin,4.03,0861714970,9780861714971,eng,224,371,37,4/15/2005,Wisdom Publications,"Media Tie In,Star Wars;Nonfiction;Philosophy;Religion,Buddhism;Spirituality;Religion;Culture,Pop Culture;Self Help;Reference"
27485,Mating in Captivity: Reconciling the Erotic and the Domestic,Esther Perel,4.15,0060753633,9780060753634,eng,272,10138,994,9/5/2006,Harper,"Nonfiction;Psychology;Relationships;Self Help;Sexuality;Audiobook;Marriage;Self Help,Personal Development;Love;Science"
7803,The Legacy of Luna: The Story of a Tree  a Woman  and the Struggle to Save the Redwoods,Julia Butterfly Hill,3.95,0062516590,9780062516596,eng,262,1844,220,4/3/2001,HarperOne,"Nonfiction;Autobiography,Memoir;Environment,Nature;Biography;Environment;Biography Memoir;Social Issues,Activism;Biology,Ecology;Spirituality;Biography,Autobiography"
3690,The Power and the Glory,Graham Greene/John Updike,4.0,0142437301,9780142437308,eng,222,25490,1585,2/25/2003,Penguin Books,"Fiction;Classics;Historical,Historical Fiction;Literature;Religion;Novels;Literary Fiction;European Literature,British Literature;Christianity,Catholic;Literature,20th Century"
3770,Book of Haikus,Jack Kerouac,3.91,1904634001,9781904634003,eng,200,25,5,3/2/2004,Enitharmon Press,"Poetry;Classics;Literature,American;Nonfiction;The United States Of America;American,Americana"
16686,The Fantasies of Robert A. Heinlein,Robert A. Heinlein,3.9,0312875576,9780312875572,en-US,342,788,45,5/17/2002,Tor Books,"Fantasy;Science Fiction;Short Stories;Fiction;Science Fiction Fantasy;Anthologies,Collections;Audiobook;Mystery;Classics;Horror"
44176,Saints at the River,Ron Rash,3.81,0312424914,9780312424916,eng,239,2967,335,7/1/2005,Picador USA,"Fiction;American,Southern;Gothic,Southern Gothic;Literary Fiction;Contemporary;Historical,Historical Fiction;Adult;Drama;Environment;Adult Fiction"
4921,Three Men in a Boat (Three Men  #1),Jerome K. Jerome,3.89,0140621334,9780140621334,eng,185,38313,2811,10/1/1994,Penguin Books,"Classics;Fiction;Humor;Travel;Humor,Comedy;European Literature,British Literature;Literature,19th Century;Literature;Adventure;Audiobook"
35963,The Opposite of Fate,Amy Tan,3.92,0007170408,9780007170401,eng,398,172,11,7/1/2004,Harper Perennial,"Nonfiction;Autobiography,Memoir;Language,Writing;Biography;Writing,Essays;Biography Memoir;Cultural,China;Biography,Autobiography;Literature,Asian Literature;Cultural,Asia"
30948,The Rise of Christianity,Rodney Stark,4.04,0060677015,9780060677015,eng,272,1363,151,5/9/1997,HarperOne,"History;Religion;Nonfiction;Religion,Christianity;Church,Church History;Christian;Religion,Theology;Sociology;Religion,Faith;Spirituality"
15316,The Main Corpse (A Goldy Bear Culinary Mystery #6),Diane Mott Davidson,3.86,0553574639,9780553574630,en-US,384,315,22,7/1/1997,Bantam,"Mystery;Fiction;Mystery,Cozy Mystery;Thriller,Mystery Thriller;Food and Drink,Culinary;Food and Drink,Cooking;Food and Drink,Food;Audiobook;Womens Fiction,Chick Lit;Humor"
16886,Deadly Feasts: Tracking the Secrets of a Terrifying New Plague,Richard Rhodes,4.0,0684844257,9780684844251,eng,272,1121,76,5/22/1998,Simon  Schuster,"Science;Nonfiction;Medical;Health,Medicine;Science,Biology;History;Health;Illness,Disease;Audiobook;Biology,Neuroscience"
12293,Education as My Agenda: Gertrude Williams  Race & the Baltimore Public Schools,Jo Ann Ooiman Robinson,4.25,031229543X,9780312295431,eng,336,4,1,10/14/2005,Palgrave Macmillan,Social Science
4894,Who Moved My Cheese?,Spencer Johnson/Kenneth H. Blanchard,3.8,0091883768,9780091883768,eng,96,311436,8421,2/7/2002,Vermilion,"Nonfiction;Self Help;Business;Psychology;Leadership;Self Help,Personal Development;Business,Management;Philosophy;Inspirational;Audiobook"
30969,Voice of the Violin (Inspector Montalbano  #4),Andrea Camilleri/Stephen Sartarelli,4.03,0142004456,9780142004456,eng,249,3907,254,6/29/2004,Penguin,"Mystery;Mystery,Crime;Cultural,Italy;Fiction;European Literature,Italian Literature;Mystery,Detective;Thriller,Mystery Thriller;Thriller;Mystery,Noir;Audiobook"
20895,Death Ship of Dartmouth (Knights Templar  #21),Michael Jecks,4.06,0755323017,9780755323012,eng,352,7,1,6/1/2006,Headline Book Publishing,"Mystery;Historical,Historical Fiction;Historical,Medieval;Mystery,Historical Mystery;Historical;Mystery,Crime;Fiction;European Literature,British Literature"
36926,Spawn of Azathoth: Herald of the End of Time (Call of Cthulhu RPG),Keith Herber,3.79,1568821786,9781568821788,eng,197,22,1,5/1/2005,Chaosium,"Games,Role Playing Games;Games,Gaming;Sports and Games,Games;Horror"
45626,O Príncipe Caspian (As Crónicas de Nárnia  #4),C.S. Lewis/Pauline Baynes/Ana Falcão Bastos,3.97,9722330977,9789722330978,por,160,215,11,10/11/2003,Editorial Presença,"Fantasy;Classics;Fiction;Young Adult;Childrens;Adventure;Christian;Childrens,Middle Grade;Christian Fiction;Audiobook"
16961,Alberic the Wise,Norton Juster/Leonard Baskin,3.73,0887082432,9780887082436,eng,24,103,9,9/1/1992,Picture Book Studio Ltd,"Fiction;Fantasy;Short Stories;Childrens,Picture Books;Childrens;Childrens,Juvenile;Young Adult;Anthologies;Adult;Childrens,Young Readers"
24875,House of Stairs,William Sleator,3.85,0140345809,9780140345803,eng,176,3423,447,4/1/1991,Puffin Books,"Young Adult;Science Fiction;Fiction;Horror;Science Fiction,Dystopia;Young Adult,Teen;Fantasy;Thriller;Childrens;Speculative Fiction"
17296,Music of the Meadow (Little Einsteins Early Reader),Susan Ring/Kelly Preston/Katie Nix,3.7,0786855371,9780786855377,eng,28,26,1,9/1/2006,Disney Press,Childrens
16813,The Condor And The Cows: A South American Travel Diary,Christopher Isherwood/William Caskey/Jeffrey Meyers,3.8,0816639825,9780816639823,eng,248,45,9,11/10/2003,Univ Of Minnesota Press,Travel;Nonfiction;LGBT
12880,Black Lamb and Grey Falcon,Rebecca West/Christopher Hitchens,4.23,014310490X,9780143104902,eng,1181,1623,228,1/30/2007,Penguin Classics,"History;Travel;Nonfiction;Classics;Politics;Autobiography,Memoir;History,European History;Biography;Literature,20th Century;Literature"
25319,Flashman on the March (The Flashman Papers  #12),George MacDonald Fraser,4.08,1400096464,9781400096466,en-US,352,1646,66,11/14/2006,Anchor,"Historical,Historical Fiction;Fiction;Adventure;Humor;Historical;Humor,Comedy;European Literature,British Literature;Cultural,Africa;Literature,19th Century;War"
42177,Burning The Map,Laura Caldwell,3.54,0373250215,9780373250219,en-US,288,1336,66,10/25/2002,Red Dress Ink,"Womens Fiction,Chick Lit;Fiction;Romance;Travel;Cultural,Italy;Mystery;Contemporary;Cultural,Greece;Own"
14430,The Pyramid,William Golding,3.33,0571192521,9780571192526,eng,217,527,20,7/22/1997,Faber  Faber,"Fiction;Classics;Novels;European Literature,British Literature;Literature;Literature,English Literature;Roman;Literature,20th Century;Classics,Modern Classics;Nobel Prize"
5472,Animal Farm / 1984,George Orwell/Christopher Hitchens,4.28,0151010269,9780151010264,eng,400,146659,1625,6/1/2003,Houghton Mifflin Harcourt,"Classics;Fiction;Science Fiction,Dystopia;Literature;Science Fiction;Politics;Fantasy;Novels;Academic,School;Philosophy"
9454,Hegel's Phenomenology of Spirit,Georg Wilhelm Friedrich Hegel/A.V. Miller/John Niemeyer Findlay,3.93,0198245971,9780198245971,eng,640,13920,248,11/30/1976,Oxford University Press,"Philosophy;Nonfiction;Classics;Philosophy,Theory;European Literature,German Literature;History;Literature,19th Century;Philosophy,Metaphysics;Politics;Psychology"
19311,The Children of Noisy Village,Astrid Lindgren/Ilon Wikland/Florence Lamborn,4.29,014032609X,9780140326093,eng,128,5920,205,2/2/1988,Puffin Books,"Childrens;Classics;Fiction;European Literature,Swedish Literature;Cultural,Sweden;European Literature,Scandinavian Literature;Childrens,Middle Grade;Historical,Historical Fiction;Childrens,Chapter Books;European Literature,German Literature"
13509,Lies My Teacher Told Me about Christopher Columbus: What Your History Books Got Wrong,James W. Loewen,4.0,1565840089,9781565840089,eng,48,227,15,10/1/2006,New Press,"Social Movements,Social Justice;Race;Race,Anti Racist;Audiobook;Education;Politics;North American Hi...,American History;Unfinished;The United States Of America;Social Issues"
33836,Nightfall,Anne Stuart,3.87,0451404750,9780451404756,eng,416,981,106,3/1/1995,Onyx,"Romance,Romantic Suspense;Romance;Contemporary;Suspense;Romance,Contemporary Romance;Mystery;Dark;Thriller;Fiction;Thriller,Mystery Thriller"
10084,River of Blue Fire (Otherland  #2),Tad Williams,4.02,0886778441,9780886778446,eng,675,13383,235,9/1/1999,Daw Books,"Fantasy;Science Fiction;Fiction;Science Fiction,Cyberpunk;Science Fiction Fantasy;Adventure;Speculative Fiction;Fantasy,Epic Fantasy;Epic;Fantasy,Urban Fantasy"
28721,Cormac McCarthy's All the Pretty Horses,Harold Bloom/Amy Sickels,4.09,0791075680,9780791075685,eng,126,180,10,9/1/2003,Chelsea House Publications,Fiction
23418,The Architecture of Happiness,Alain de Botton,3.86,0375424431,9780375424434,eng,280,7101,540,10/3/2006,Pantheon Books,"Architecture;Nonfiction;Philosophy;Art;Design;Psychology;Writing,Essays;History;Self Help;Audiobook"
13735,Bleach  Volume 20,Tite Kubo,4.36,1421510448,9781421510446,eng,216,5648,76,8/7/2007,VIZ Media LLC,"Sequential Art,Manga;Fantasy;Sequential Art,Graphic Novels;Sequential Art,Comics;Manga,Shonen;Fiction;Action;Fantasy,Paranormal;Adventure;Young Adult"
1188,Risotto: 30 Simply Delicious Vegetarian Recipes from an Italian Kitchen,Ursula Ferrigno/Jason Lowe/Maxine  Clark,4.08,1841721476,694055000612,eng,64,8,2,3/1/2001,Ryland Peters & Small,"Food and Drink,Cookbooks;Food and Drink,Cooking"
12754,Swann's Way (Remembrance of Things Past  #1),Marcel Proust/C.K. Scott Moncrieff,4.14,1414243677,9781414243672,eng,380,1,0,1/1/2005,IndyPublish.com,"Classics;Fiction;Cultural,France;Literature;European Literature,French Literature;Novels;Literature,20th Century;Philosophy;Literary Fiction;Unfinished"
2860,Scholar of Decay (Ravenloft  #14),Tanya Huff,3.46,078690206X,9780786902064,eng,313,38,1,5/1/2000,TSR,"Fantasy;Horror;Fiction;Role Playing Games,Dungeons and Dragons;Dungeons and Dragons,Forgotten Realms;Science Fiction Fantasy;Fantasy,Dark Fantasy"
44300,Smart Discipline: Fast  Lasting Solutions for Your Child's Self-Esteem and Your Peace of Mind,Larry J. Koenig,3.99,0060936665,9780060936662,en-US,208,13,2,3/2/2004,William Morrow Paperbacks,Parenting;Childrens;Education;Family;Self Help
32488,Playing Shakespeare: An Actor's Guide,John   Barton/Luann Walther,4.35,0385720858,9780385720854,eng,288,456,27,8/21/2001,Anchor,"Nonfiction;Plays,Theatre;Drama;Plays;Art;Classics;Literature;Reference"
16798,The Diagnosis,Alan Lightman,2.86,0375725504,9780375725500,eng,384,898,123,2/19/2002,Vintage,"Fiction;Novels;Literature;Contemporary;Unfinished;Adult;Literature,American;Book Club;Literary Fiction;Health,Illness"
23552,The New Big Book of America,Todd Davis/Marc Frey,5.0,0762412631,9780762412631,eng,56,2,1,3/21/2002,Courage Books,Juvenile Nonfiction
23877,Noticia de un secuestro,Gabriel García Márquez,3.85,0307350509,9780307350503,spa,336,1444,80,2/7/2006,Plaza y Janes,"Nonfiction;History;Mystery,Crime;European Literature,Spanish Literature;Crime,True Crime;Writing,Journalism;Literature;Cultural,Latin American;Politics;Nobel Prize"
7389,Runaways  Vol. 1: Pride and Joy,Brian K. Vaughan/Adrian Alphona,3.97,0785113797,9780785113799,eng,144,24754,859,12/6/2006,Marvel,"Sequential Art,Comics;Sequential Art,Graphic Novels;Young Adult;Superheroes,Marvel;Comics,Superheroes;Fantasy;Graphic Novels Comics;Fiction;Comics,Comic Book;Science Fiction"
35090,Der Richter und sein Henker,Friedrich Dürrenmatt/John J. Neumaier/William Gillis,3.73,0395044995,9780395044995,ger,208,5420,81,6/23/1972,Houghton Mifflin Company,"Classics;Fiction;European Literature,German Literature;Mystery,Crime;Academic,School;Mystery;Academic,Read For School;Novels;Literature;Literature,20th Century"
29312,Riddley Walker,Russell Hoban,4.03,074755904X,9780747559047,eng,236,305,44,2/1/2010,Bloomsbury,"Fiction;Science Fiction;Apocalyptic,Post Apocalyptic;Science Fiction,Dystopia;Speculative Fiction;Fantasy;Science Fiction,Apocalyptic;Novels;Science Fiction Fantasy;Literature"
33313,Kitchen Confidential: Adventures in the Culinary Underbelly,Anthony Bourdain,4.07,0060899220,9780060899226,eng,312,183882,9427,1/9/2007,Ecco/Harper Perennial,"Nonfiction;Food and Drink,Food;Autobiography,Memoir;Biography;Food and Drink,Cooking;Audiobook;Biography,Autobiography;Biography Memoir;Humor;Food and Drink,Foodie"
16205,Daisy Miller and Other Stories,Henry James/Jean Gooder,3.52,0192835432,9780192835437,eng,352,558,40,11/19/1998,Oxford University Press,"Classics;Fiction;Short Stories;Literature,19th Century;Literature,American;Literature;Historical,Victorian;Literary Fiction;Classics,Classic Literature;Novels"
10895,Irish Girls Are Back in Town,Cecelia Ahern/Patricia Scanlan/Gemma O'Connor/Sarah Webb/Maeve Binchy/Marian Keyes/Morag Prunty/Cathy Kelly/Colette Caddle/Marita Conlon-McKenna/Martina Devlin/Clare Dowling/Catherine Foley/Aine Greaney/Suzanne Higgins/Rosaleen Linehan/Joan O'Neill/Julie Parsons/Deirdre Purcell/Martina Reilly/Mary Ryan/Annie Sparrow/Una Brankin,3.74,0743499263,9780743499262,eng,384,805,36,3/1/2005,Gallery Books,"Womens Fiction,Chick Lit;Fiction;Short Stories;European Literature,Irish Literature;Romance;Anthologies;Cultural,Ireland;Adult;Contemporary"
36422,The Liberty Bell (Symbols of America),Debra Hess,3.83,0761417133,9780761417132,eng,40,4,0,1/1/2003,Cavendish Square Publishing,Historical;Childrens
18018,Jill the Reckless,P.G. Wodehouse,4.02,1585676608,9781585676606,eng,290,666,82,4/7/2005,Harry N. Abrams,"Fiction;Humor;Classics;Humor,Comedy;Romance;European Literature,British Literature;Historical,Historical Fiction;Literature,20th Century;Audiobook;Literary Fiction"
15691,Caligula and Three Other Plays,Albert Camus,4.04,039440520X,9780394405209,fre,0,17,3,5/1/1966,Knopf,"Plays;Drama;Fiction;Cultural,France;Philosophy;Classics;Literature;Plays,Theatre;European Literature,French Literature;Literature,20th Century"
9438,The Basic Works of Aristotle,Aristotle/Richard Peter McKeon/C.D.C. Reeve,4.24,0375757996,9780375757990,eng,1487,2174,51,8/19/2009,Modern Library/Random House (NY),"Philosophy;Classics;Nonfiction;History;Reference;Academic,School;Politics;Science;Literature,Ancient;Anthologies,Collections"
23220,Size 12 Is Not Fat (Heather Wells  #1),Meg Cabot,3.74,0060525118,9780060525118,eng,345,75856,2408,12/27/2005,William Morrow Paperbacks,"Womens Fiction,Chick Lit;Mystery;Romance;Fiction;Contemporary;Adult;Young Adult;Humor;Adult Fiction;Mystery,Crime"
43961,The Letters of Vita Sackville-West and Virginia Woolf,Louise DeSalvo/Mitchell Alexander Leaska/Vita Sackville-West/Virginia Woolf,4.27,1573441961,9781573441964,eng,480,1133,37,9/30/2004,Cleis Press,"Nonfiction;LGBT;Biography;LGBT,Queer;History;Feminism;Romance;Womens;Historical;LGBT,Lesbian"
11048,The Boys of Everest: Chris Bonington and the Tragedy of Climbing's Greatest Generation,Clint Willis,3.86,0786715790,9780786715794,eng,535,452,36,9/14/2006,Carroll & Graf Publishers,"Sports,Mountaineering;Nonfiction;Adventure;Mountaineering,Climbing;History;Travel;Sports,Sports;Biography;Biography Memoir"
14975,Labyrinth (Languedoc  #1),Kate Mosse,3.57,0425213978,9780425213971,eng,515,40300,2498,2/6/2007,Berkley Books,"Historical,Historical Fiction;Fiction;Fantasy;Mystery;Historical;Thriller;Cultural,France;Adventure;Adult;Thriller,Mystery Thriller"
17241,Dracula,Bram Stoker/Robert Whitfield,3.99,0786180404,9780786180400,eng,15,53,12,12/1/1998,Blackstone Audiobooks,"Classics;Horror;Fiction;Fantasy;Paranormal,Vampires;Gothic;Fantasy,Paranormal;Literature;Audiobook;Literature,19th Century"
2940,Robinson Crusoe,Daniel Defoe,3.67,1587263882,9781587263880,eng,288,311,18,7/14/2006,Ann Arbor Media,"Classics;Fiction;Adventure;Literature;Historical,Historical Fiction;Novels;Literature,18th Century;Classics,Classic Literature;Academic,School;European Literature,British Literature"
31242,Bleak House,Charles Dickens/Nicola Bradbury/Hablot Knight Browne,4.01,0143037617,9780143037613,eng,1017,80104,2440,1/6/2006,Penguin Books,"Classics;Fiction;Literature;Literature,19th Century;Historical,Victorian;Historical,Historical Fiction;European Literature,British Literature;Novels;Classics,Classic Literature;Mystery"
43087,Interesting Times: A Twentieth-Century Life,Eric Hobsbawm,4.06,1565849655,9781565849655,eng,448,374,24,5/16/2005,New Press,"History;Biography;Nonfiction;Biography,Autobiography;Autobiography,Memoir;Politics;European Literature,British Literature;Biography Memoir;History,European History;Literature,20th Century"
23023,Port Mungo,Patrick McGrath,3.32,1400075483,9781400075485,eng,242,412,36,6/14/2005,Vintage,"Fiction;Art;Adult;Gothic;Novels;Literature;Contemporary;Thriller,Mystery Thriller"
8722,Burr,Gore Vidal,4.07,0375708731,9780375708732,eng,430,7265,526,2/15/2000,Vintage,"Historical,Historical Fiction;Fiction;Politics;North American Hi...,American History;Historical;Novels;Literature,American;Literature;Classics;Military History,American Revolution"
14909,Jane Austen's Letters,Jane Austen,4.16,1414500084,9781414500089,en-US,112,42,4,1/1/2003,Pavilion Press (Wi),"Nonfiction;Classics;Biography;History;Literature,19th Century;Autobiography,Memoir;Literature;Historical,Regency;Historical;Biography Memoir"
30335,Demon in My View,Amelia Atwater-Rhodes,4.04,0440228840,9780440228844,eng,192,10944,390,9/11/2001,Laurel Leaf,"Paranormal,Vampires;Young Adult;Fantasy;Fantasy,Paranormal;Romance;Fantasy,Urban Fantasy;Horror;Fantasy,Supernatural;Young Adult,Young Adult Fantasy;Fiction"
19307,Pippi in the South Seas,Astrid Lindgren/Gerry Bothmer,4.11,0670557110,9780670557110,en-US,126,15193,173,9/18/1959,Viking Books for Young Readers,"Childrens;Fiction;Classics;Adventure;Fantasy;Humor;Childrens,Middle Grade;Young Adult;European Literature,Swedish Literature;Cultural,Sweden"
13662,The Tombs of Atuan (Earthsea Cycle  #2),Ursula K. Le Guin/Margot Paronis,4.09,0689845367,9780689845369,eng,180,73161,1922,9/1/2001,Gallery / Saga Press,"Fantasy;Fiction;Young Adult;Classics;Science Fiction Fantasy;Fantasy,High Fantasy;Fantasy,Magic;Science Fiction;Adventure;Childrens"
5838,Mini-Manual of the Urban Guerrilla,Carlos Marighella,3.31,1894925025,9781894925020,en-US,66,127,13,9/9/2002,Abraham Guillen Press,"Politics;Nonfiction;War;History;Cultural,Brazil;Philosophy,Theory;Philosophy;War,Military Fiction;Military,Military History"
8244,Old Town in the Green Groves: Laura Ingalls Wilder's Lost Little House Years,Cynthia Rylant/Jim LaMarche,4.05,0064409902,9780064409902,eng,176,4799,88,6/1/2004,Harper Trophy,"Historical,Historical Fiction;Childrens;Historical;Fiction;Classics;Childrens,Middle Grade;Young Adult;Childrens,Juvenile;Childrens,Chapter Books;Realistic Fiction"
22225,The Princess Bride (Long  Tall Texans  #15),Diana Palmer,3.89,0373192827,9780373192823,eng,192,634,32,1/23/1998,Silhouette Romance,"Romance;Romance,Contemporary Romance;Category Romance,Harlequin;Contemporary;Westerns;Fiction;Womens Fiction,Chick Lit;Romance,Western Romance"
10910,Mercy,Jodi Picoult,3.58,0743422449,9780743422444,eng,400,42046,2564,4/1/2001,Washington Square Press,"Fiction;Contemporary;Womens Fiction,Chick Lit;Romance;Drama;Adult;Adult Fiction;Realistic Fiction;Novels;Mystery"
13657,Changing Planes,Ursula K. Le Guin,3.83,0441012248,9780441012244,eng,239,3489,335,8/1/2005,Ace,Fantasy;Science Fiction;Short Stories;Fiction;Speculative Fiction;Science Fiction Fantasy;Anthologies;Audiobook;Travel;Adult
14088,O Xará,Jhumpa Lahiri,3.99,8535905324,9788535905328,por,336,152,9,8/30/2004,Companhia das Letras,"Fiction;Cultural,India;Contemporary;Literary Fiction;Novels;Literature;Asian Literature,Indian Literature;Book Club;Adult Fiction;Adult"
23276,Taxation of Mineral Rents,Ross Garnaut,5.0,0198284543,9780198284543,eng,350,1,0,11/17/1983,Oxford University Press  USA,Language Arts;Disciplines
2056,An Evening of Long Goodbyes,Paul Murray,3.6,0812970403,9780812970401,eng,448,983,130,9/13/2005,Random House Trade Paperbacks,"Fiction;Humor;Cultural,Ireland;European Literature,Irish Literature;Novels;Contemporary;Literature,21st Century;Literature;Cultural;Literary Fiction"
30852,The Woman Warrior,Maxine Hong Kingston,3.73,0679721886,9780679721888,eng,204,21189,1195,4/23/1989,Vintage Books USA,"Autobiography,Memoir;Nonfiction;Feminism;Cultural,China;Classics;Biography;Academic,School;Biography Memoir;Womens;Biography,Autobiography"
39102,The Collected Poetry  1968-1998,Nikki Giovanni/Virginia C. Fowler,4.42,0060724293,9780060724290,eng,512,1249,52,1/23/2007,William Morrow,"Poetry;Cultural,African American;Race;Nonfiction;Literature;Classics;Politics;Anthologies;Race,Anti Racist;Feminism"
2527,The Gospel According to Jesus Christ,José Saramago/Giovanni Pontiero,4.29,0156001411,9780156001410,eng,377,799,107,9/28/1994,Harcourt,"Fiction;Religion;Historical,Historical Fiction;Cultural,Portugal;Literature;European Literature,Portuguese Literature;Nobel Prize;Novels;Classics;Philosophy"
28691,To Green Angel Tower (Memory  Sorrow  and Thorn  #3),Tad Williams,4.18,0756402980,9780756402983,eng,1083,29350,320,5/3/2005,DAW,"Fantasy;Fiction;Fantasy,Epic Fantasy;Fantasy,High Fantasy;Science Fiction Fantasy;Epic;Adventure;Fantasy,Magic;Audiobook;Speculative Fiction"
1419,The Complete Works,William Shakespeare,4.5,0517092948,9780517092941,eng,1248,62,6,10/13/1991,Gramercy,"Classics;Poetry;Fiction;Plays;Drama;Literature;Reference;Plays,Theatre;Classics,Classic Literature;Historical,Historical Fiction"
28805,Ballad of the Whiskey Robber: A True Story of Bank Heists  Ice Hockey  Transylvanian Pelt Smuggling  Moonlighting Detectives  and Broken Hearts,Julian Rubinstein,4.02,0316010731,9780316010733,eng,352,3448,516,9/13/2005,Back Bay Books,"Nonfiction;Crime,True Crime;History;Biography;Mystery,Crime;Humor;Sports,Sports;Cultural,Hungary;Audiobook;Sports,Hockey"
3985,The Amazing Adventures of Kavalier & Clay,Michael Chabon,4.18,0312282990,9780312282998,eng,639,165862,9143,8/25/2001,Picador USA,"Fiction;Historical,Historical Fiction;Novels;Literature;Historical;Literary Fiction;Contemporary;Sequential Art,Comics;Literature,Jewish;New York"
22424,Transmetropolitan  Vol. 10: One More Time,Warren Ellis/Darick Robertson/Rodney Ramos,4.51,1401202179,9781401202170,eng,144,10308,184,6/1/2004,Vertigo,"Sequential Art,Comics;Sequential Art,Graphic Novels;Science Fiction;Fiction;Science Fiction,Cyberpunk;Comics,Comic Book;Graphic Novels Comics;Science Fiction,Dystopia;Humor;Politics"
15110,The Lollipop Shoes (Chocolat  #2),Joanne Harris,3.83,0385609485,9780385609487,eng,464,200,27,5/2/2007,Doubleday,"Fiction;Magical Realism;Fantasy;Romance;Cultural,France;Contemporary;Fantasy,Magic;Adult Fiction;Food and Drink,Food;Womens Fiction,Chick Lit"
29257,A Spiritual Journey,Ram Dass/Richard Alpert,4.16,1593976720,9781593976729,en-US,0,68,4,8/1/2005,Macmillan Audio,Spirituality
15578,The Elfstones of Shannara (The Original Shannara Trilogy #2),Terry Brooks,3.97,0345285549,9780345285546,eng,564,1691,152,10/10/2000,Del Rey Books,"Fantasy;Fiction;Fantasy,Epic Fantasy;Science Fiction Fantasy;Fantasy,High Fantasy;Adventure;Young Adult;Fantasy,Magic;Adult;Science Fiction"
43058,Barracuda 945 (Admiral Arnold Morgan  #6),Patrick Robinson,3.97,0060086637,9780060086633,eng,498,1119,27,6/29/2004,HarperTorch,"Fiction;Thriller;War,Military Fiction;Action;Audiobook;Thriller,Mystery Thriller"
38936,Lori's Little Secret (Bravo Family  #15) (Bravo Family Ties Miniseries  #3),Christine Rimmer,3.76,0373246838,9780373246830,eng,248,101,6,5/1/2005,Silhouette,"Romance;Category Romance,Harlequin;Romance,Category Romance;Contemporary"
302,Treasure Island (Great Illustrated Classics),Deidre S. Laiken/A.J. McAllister/Robert Louis Stevenson,4.05,1577658051,9781577658054,eng,232,91,16,1/31/2006,Abdo Publishing Company,"Classics;Fiction;Adventure;Childrens;Adventure,Pirates;Young Adult;Historical,Historical Fiction;Literature;Childrens,Chapter Books;Historical"
9592,Mother Night,Kurt Vonnegut Jr.,4.22,0385334141,9780385334143,eng,282,64096,2316,5/11/1999,Dial Press,"Fiction;Classics;Historical,Historical Fiction;War;Literature;Novels;Humor;Science Fiction;Literature,American;Historical"
25014,The Map That Changed the World: William Smith and the Birth of Modern Geology,Simon Winchester,3.82,0060931809,9780060931803,eng,329,10452,539,7/30/2002,Perennial,"History;Nonfiction;Science;Biography;Science,Geology;Science,Geography;Cartography,Maps;Audiobook;Science,History Of Science;Historical"
22486,Economic Origins of Dictatorship and Democracy,Daron Acemoğlu/James A. Robinson,3.97,0521855268,9780521855266,eng,416,158,10,10/1/2005,Cambridge University Press,"Economics;Politics;Nonfiction;Politics,Political Science;History;International Rel...,International Development;Philosophy;Social Science;Sociology;History,World History"
4683,Personal Injuries (Kindle County Legal Thriller #5),Scott Turow,3.86,0446608602,9780446608602,eng,528,5163,179,12/1/2000,Warner Books (NY),"Fiction;Mystery;Thriller,Legal Thriller;Thriller;Mystery,Crime;Thriller,Mystery Thriller;Suspense;Law;Audiobook;Novels"
17067,Jurassic Park Institute Dinosaur Field Guide,Michael K. Brett-Surman/Thomas R. Holtz Jr./Bob Walters,4.15,0375812938,9780375812934,en-US,160,2,1,6/12/2001,Random House Children's Books,Childrens
4424,An Unfinished Life: John F. Kennedy  1917-1963,Robert Dallek,4.07,0316907928,9780316907927,en-US,849,7981,307,5/4/2004,Back Bay Books,"Biography;History;Nonfiction;Politics,Presidents;Politics;North American Hi...,American History;Presidents,Us Presidents;Biography Memoir;The United States Of America;Historical"
34262,Peter and the Starcatchers (Peter and the Starcatchers  #1),Dave Barry/Ridley Pearson/Greg Call,4.03,078684907X,9780786849079,eng,452,66017,4284,5/1/2006,Disney-Hyperion,"Fantasy;Young Adult;Fiction;Childrens,Middle Grade;Adventure;Childrens;Retellings;Adventure,Pirates;Fantasy,Magic;Audiobook"
8632,Her Master and Commander (Just Ask Reeves  #1),Karen Hawkins,3.8,0060584084,9780060584085,eng,372,799,31,2/28/2006,Avon,"Romance,Historical Romance;Romance;Historical;Historical,Historical Fiction;Fiction;Adventure,Pirates;Historical,Regency;Historical Romance,Regency Romance;Romance,M F Romance;Adult"
3155,Drina Goes on Tour,Jean Estoril/Mabel Esther Allan,4.26,0750002468,9780750002462,eng,188,112,7,10/20/1991,Simon and Schuster,"Childrens;Young Adult;Fiction;European Literature,British Literature"
2826,Birth Of A Tragedy: Kashmir 1947,Alastair Lamb,4.0,0907129072,9780907129073,eng,179,9,2,3/14/2008,Roxford Books,India
24863,Demian,Hermann Hesse/Stanley Appelbaum,4.13,0486420426,9780486420424,mul,256,28,3,6/11/2002,Dover Publications,"Fiction;Classics;Philosophy;European Literature,German Literature;Literature;Novels;Cultural,Germany;Literature,20th Century;Young Adult,Coming Of Age;Spirituality"
21626,Not of Woman Born,Constance Ash/Nina Kiriki Hoffman/Patricia A. McKillip/Walter Jon Williams/Debra Doyle/James D. Macdonald/Kara Dalkey/Michael Armstrong/Richard Parks/Sage Walker/Susan Palwick/William F. Wu/Jack McDevitt/Janni Lee Simner/Robert Silverberg,3.82,0451456815,9780451456816,eng,288,60,11,3/1/1999,Roc,"Science Fiction;Fiction;Anthologies;Horror;Short Stories;Fantasy;Short Stories,Short Story Collection"
23022,The Grotesque,Patrick McGrath,3.62,0679776214,9780679776215,eng,178,815,58,1/28/1997,Vintage,"Fiction;Horror;Gothic;Mystery;Suspense;Thriller,Mystery Thriller;Novels;Contemporary;Thriller;Literature,20th Century"
13965,King Solomon's Ring,Konrad Lorenz/Marjorie Kerr Wilson,4.23,0415267471,9780415267472,eng,192,1509,80,8/11/2002,Routledge,"Science;Nonfiction;Animals;Environment,Nature;Science,Biology;Classics;Psychology;Science,Natural History;Science,Popular Science;Writing,Essays"
29093,Philosophy of Right,Georg Wilhelm Friedrich Hegel/S.W. Dyde,3.87,0486445631,9780486445632,en-US,272,19,2,9/20/2005,Dover Publications,"Philosophy;Politics;Nonfiction;Classics;Law;European Literature,German Literature;Philosophy,Theory;History;Literature,19th Century;Sociology"
28898,Fundamentals of Heat and Mass Transfer [with IHT/FEHT 3.0 CD with User Guide Set],Frank P. Incropera/David P. DeWitt,3.99,0470055545,9780470055540,en-US,997,6,0,10/30/2006,Wiley,"Science,Engineering;Textbooks;Science;Science,Physics;Reference;Nonfiction;Computer Science,Technical;Academic,School"
25013,A Crack in the Edge of the World,Simon Winchester,3.78,0060572000,9780060572006,eng,419,5413,499,10/10/2006,Harper Perennial,"History;Nonfiction;Science;Science,Geology;North American Hi...,American History;Audiobook;Historical;Environment,Nature;Environment;Science,Natural History"
11038,"Henry and June: From ""A Journal of Love"": The Unexpurgated Diary of Anaïs Nin  1931-1932",Anaïs Nin,3.9,015640057X,9780156400572,eng,304,8311,449,10/29/1990,Mariner Books,"Nonfiction;Autobiography,Memoir;Biography;Adult Fiction,Erotica;Classics;Cultural,France;Romance;Biography,Autobiography;Biography Memoir;Literature"
14403,The Story of Ruby Bridges,Robert Coles/George Ford,4.43,0439598443,9780439598446,eng,32,11403,605,6/1/2004,Scholastic Paperbacks,"Childrens,Picture Books;Biography;History;Nonfiction;Childrens;Cultural;Cultural,African American;Academic,School;Historical;Family"
2153,Jane Austen: The Complete Novels,Jane Austen,4.55,0517118297,9780517118290,eng,1103,267,24,6/1/1994,Gramercy Books,"Classics;Fiction;Romance;Historical,Historical Fiction;Literature;Classics,Classic Literature;Historical;European Literature,British Literature;Novels;Anthologies"
16729,Beach Music,Pat Conroy,4.15,0553381539,9780553381535,eng,592,38496,2450,3/26/2002,Dial Press,"Fiction;American,Southern;Contemporary;Historical,Historical Fiction;Novels;Drama;Literature;Literary Fiction;Adult Fiction;Audiobook"
17682,The Dead Beat: Lost Souls  Lucky Stiffs  and the Perverse Pleasures of Obituaries,Marilyn Johnson,3.41,0060758767,9780060758769,en-US,272,1137,231,1/30/2007,Harper Perennial,"Nonfiction;Death;History;Writing,Journalism;Humor;Language,Writing;Sociology;Biography;Writing,Essays;History,Microhistory"
44408,Becoming a Contagious Christian,Bill Hybels/Mark Mittelberg,3.92,0310210089,9780310210085,eng,224,1315,50,4/20/1996,Zondervan,"Christian;Christianity,Evangelism;Nonfiction;Christian,Christian Living;Religion,Christianity;Religion;Religion,Faith;Spirituality;Leadership;Religion,Theology"
6851,Mayada  Daughter of Iraq: One Woman's Survival Under Saddam Hussein,Jean Sasson,4.0,0451212924,9780451212924,eng,368,4208,298,9/7/2004,Berkley Books,"Nonfiction;Biography;Autobiography,Memoir;History;Politics;Biography Memoir;Womens;Biography,Autobiography;Religion,Islam;Cultural"
13947,The Golden Key,Melanie Rawn/Kate Elliott/Jennifer Roberson,3.82,0330347764,9780330347761,eng,1074,36,5,9/19/1997,Pan,"Fantasy;Fiction;Fantasy,High Fantasy;Fantasy,Magic;Science Fiction Fantasy;Fantasy,Epic Fantasy;Art;Romance;Historical,Historical Fiction;Science Fiction,Alternate History"
6180,The Monkey's Wrench,Primo Levi/William Weaver/Ruth Feldman/Ruth Tenzer Feldman,3.92,0140188924,9780140188929,eng,192,601,34,7/1/1995,Penguin,"Fiction;European Literature,Italian Literature;Short Stories;Cultural,Italy;Literature;Classics;Novels;Literary Fiction;Academic,School;Literature,European Literature"
17179,The Sound and the Fury,William Faulkner/Grover Gardner,3.86,0739325353,9780739325353,eng,9,138,37,7/6/2005,Random House Audio,"Classics;Fiction;Literature;Novels;Literature,American;Literature,20th Century;Gothic,Southern Gothic;Literary Fiction;Academic,School;American,Southern"
25368,Die Umarmung des Todes,Natsuo Kirino,3.92,3442309174,9783442309177,ger,607,6,2,3/1/2003,Goldmann,"Fiction;Cultural,Japan;Thriller;Mystery;Asian Literature,Japanese Literature;Mystery,Crime;Horror;Thriller,Mystery Thriller;Cultural,Asia;Literature,Asian Literature"
9638,The Cat's Pajamas,Ray Bradbury,3.73,0060777338,9780060777333,eng,234,1370,122,7/26/2005,William Morrow Paperbacks,"Short Stories;Fiction;Science Fiction;Fantasy;Anthologies;Classics;Literature,American;Anthologies,Collections;Science Fiction Fantasy;Adult Fiction"
38593,Last Wish (Sweet Valley High),Francine Pascal,3.91,0553507354,9780553507355,eng,231,2,0,5/1/1999,Bantam Books,"Young Adult;Womens Fiction,Chick Lit;Fiction"
27788,Julie  or the New Heloise,Jean-Jacques Rousseau/Philip Stewart/Jean Vache,3.46,0874518253,9780874518252,en-US,728,1019,27,10/1/1997,Dartmouth College Press,"Classics;Fiction;Philosophy;Cultural,France;Literature,18th Century;European Literature,French Literature;Romance;Literature;Novels;Literary Fiction"
14917,Desire and Duty: A Sequel to Jane Austen's Pride and Prejudice,Ted Bader/Marilyn Bader,2.86,0965429903,9780965429900,eng,286,114,9,2/1/1997,Revive Publishing,"Fiction;Historical,Historical Fiction;Romance"
41121,Fifty Degrees Below (Science in the Capital  #2),Kim Stanley Robinson,3.69,0553585819,9780553585810,eng,640,2099,155,1/30/2007,Spectra,"Science Fiction;Fiction;Science Fiction Fantasy;Politics;Speculative Fiction;Thriller;Environment,Climate Change;Science Fiction,Climate Change Fiction;Environment;Apocalyptic,Post Apocalyptic"
5975,The Fall of a Sparrow,Robert Hellenga,3.69,0684850273,9780684850276,eng,464,824,89,7/6/1999,Scribner,"Fiction;Cultural,Italy;Contemporary;Literary Fiction;Family;Academic,Academia;Cultural;Novels;War,Terrorism;Book Club"
10617,The Bachman Books,Richard Bachman/Stephen King,4.11,0452277752,9780452277755,eng,704,62529,494,10/1/1996,Plume,"Horror;Fiction;Short Stories;Thriller;Science Fiction;Suspense;Fantasy;Mystery;Anthologies;Anthologies,Collections"
38551,The Pursuit of History,John Tosh/Sean Lang,3.46,1405823518,9781405823517,en-US,357,374,17,2/1/2006,Longman Publishing Group,"History;Nonfiction;Academic,School;Academic;Academic,Grad School;Education;Academic,Read For School;Politics;Textbooks;History and Politics"
41714,The Sea Hunters (The Sea Hunters #1),Clive Cussler/Craig Dirgo,3.82,0743480694,9780743480697,en-US,432,2004,58,9/1/2003,Pocket Star,"Nonfiction;Adventure;History;Thriller;Action;Biography;History,Archaeology;Mystery;Adventure,Maritime;Biography,Autobiography"
14778,Chosen By God: Know God's Perfect Plan for His Glory and His Children,R.C. Sproul,4.34,0842313354,9780842313353,eng,208,6861,205,9/21/1994,Tyndale Momentum,"Religion,Theology;Christian;Religion,Christianity;Nonfiction;Religion;Religion,Faith;Christian,Christian Living;Christian,Christian Non Fiction;Academic,School;Philosophy"
5065,Whiteout,Ken Follett/David Tennant,3.58,1405052716,9781405052719,eng,4,13,1,9/1/2006,MacMillan Audio,"Thriller;Mystery;Suspense;Thriller,Mystery Thriller;Mystery,Crime;Audiobook;Historical,Historical Fiction;Novels;Adventure;Contemporary"
3507,Twelve Sharp (Stephanie Plum  #12),Janet Evanovich,4.15,0312349486,9780312349486,eng,310,81381,1925,6/20/2006,St. Martin's Press,"Mystery;Fiction;Humor;Womens Fiction,Chick Lit;Romance;Mystery,Crime;Humor,Comedy;Thriller,Mystery Thriller;Contemporary;Adult"
17828,The Master and Margarita,Mikhail Bulgakov/Michael Karpelson,4.3,1411683056,9781411683051,eng,332,493,47,4/1/2006,Lulu Press,"Classics;Fiction;Cultural,Russia;Fantasy;Literature,Russian Literature;Magical Realism;Literature;Novels;Historical,Historical Fiction;Literature,20th Century"
33491,The Keeper's Companion 2: Prohibition  Firearms  Tomes  & Creatures (Call of Cthulhu RPG),Lynn Willis/Brian M. Sammons/Adam Gauntlett/William Dietze/Greg Henrikson/Charles P. Zaglanis/J. Gordon Olmstead-Dean/M.J. Lempert/James Crowder,3.71,1568821867,9781568821863,eng,170,41,1,12/1/2002,Chaosium,"Games,Role Playing Games;Horror;Sports and Games,Games;Games,Gaming;Lovecraftian,Cthulhu Mythos"
25817,The Ring  Volume 1,Misao Inagaki/Hiroshi Takahashi,3.63,1593070543,9781593070540,eng,304,389,32,11/25/2003,Dark Horse Manga,"Sequential Art,Manga;Horror;Sequential Art,Graphic Novels;Sequential Art,Comics;Fiction;Mystery;Manga,Seinen;Thriller;Fantasy,Paranormal;Comics Manga"
7010,A Midsummer Night's Dream,William Shakespeare/Amanda Root/Arkangel Cast/Roy Hudd/David Harewood,3.94,1932219242,9781932219241,eng,3,62,6,5/3/2005,AudioGO,"Classics;Plays;Fiction;Fantasy;Drama;Academic,School;Romance;Plays,Theatre;Poetry;Literature"
16182,The Favored Child (The Wideacre Trilogy  #2),Philippa Gregory,3.62,0743249305,9780743249300,eng,624,9643,451,7/2/2003,Washington Square Press,"Historical,Historical Fiction;Fiction;Historical;Romance;European Literature,British Literature;Romance,Historical Romance;Adult;Womens Fiction,Chick Lit;Audiobook;Literature,18th Century"
35491,Controversy Creates Cash,Eric Bischoff/Jeremy Roberts,3.62,141652729X,9781416527299,en-GB,389,1154,56,10/17/2006,World Wrestling Entertainment Books,"Nonfiction;Biography;Sports,Sports;Biography,Autobiography;Autobiography,Memoir;Business"
10887,Kissinger,Walter Isaacson,3.94,0743286979,9780743286978,eng,896,2507,140,9/27/2005,Simon  Schuster,"Biography;History;Politics;Nonfiction;North American Hi...,American History;Biography Memoir;Audiobook;Business;Historical;The United States Of America"
30164,Double Take (FBI Thriller  #11),Catherine Coulter,4.05,0399154248,9780399154249,eng,420,7456,376,6/12/2007,Putnam Adult,"Mystery;Thriller;Fiction;Suspense;Romance;Romance,Romantic Suspense;Thriller,Mystery Thriller;Mystery,Crime;Contemporary;Audiobook"
7420,The Basic Bakunin,Mikhail Bakunin/Robert M. Cutler,3.77,0879757450,9780879757458,eng,248,100,3,5/1/1992,Prometheus Books,"Philosophy;Politics;Cultural,Russia;Nonfiction;Politics,Political Science;Anarchism"
12965,Much Ado about Nothing,William Shakespeare/F.H. Mares,4.07,0521532507,9780521532501,eng,188,73,12,4/21/2003,Cambridge University Press,"Classics;Plays;Fiction;Drama;Romance;Academic,School;Plays,Theatre;Literature;Poetry;Humor"
2541,La caverna,José Saramago/Pilar del Río,3.84,846630679X,9788466306799,spa,441,842,69,2/1/2003,Punto de Lectura,"Fiction;Cultural,Portugal;Literature;Novels;European Literature,Portuguese Literature;Nobel Prize;Science Fiction,Dystopia;Classics;Philosophy;Literary Fiction"
19674,The Teeth of the Tiger (Jack Ryan Universe  #12),Tom Clancy,3.64,0141004924,9780141004921,eng,625,18128,467,8/26/2004,Penguin Books Ltd.,"Fiction;Thriller;Action;Spy Thriller,Espionage;War,Military Fiction;Adventure;Mystery;Suspense;Thriller,Mystery Thriller;Thriller,Spy Thriller"
3825,Death in Holy Orders (Adam Dalgliesh  #11),P.D. James/Christa Seibicke,3.92,0345446666,9780345446664,eng,429,9847,516,3/26/2002,Fawcett Books,"Mystery;Fiction;Mystery,Crime;Mystery,Detective;European Literature,British Literature;Thriller,Mystery Thriller;Thriller;Mystery,Murder Mystery;Religion;Audiobook"
20549,Speeches and Writings 1832–1858,Abraham Lincoln/Don E. Fehrenbacher,4.36,0940450437,9780940450431,eng,898,1180,21,10/1/1989,Library of America,"History;Politics;Nonfiction;Military History,Civil War;Biography;North American Hi...,American History;Writing,Essays;Politics,Presidents;Reference;Literature,19th Century"
9920,In Cold Blood,Truman Capote/Bob Colacello,4.07,0375507906,9780375507908,eng,343,3266,332,3/5/2002,Modern Library,"Nonfiction;Classics;Crime,True Crime;Mystery,Crime;Mystery;History;Thriller;Literature;Audiobook;Literature,American"
2096,God Created the Integers: The Mathematical Breakthroughs That Changed History,Stephen Hawking,4.07,0762419229,9780762419227,eng,1160,1682,51,10/4/2005,Running Press Book Publishers,"Science;Science,Mathematics;Nonfiction;History;Science,Physics;Philosophy;Reference;Education;Biography;Science,Popular Science"
45485,The Subtle Knife (His Dark Materials  #2),Philip Pullman,4.13,0807210471,9780807210475,eng,8,39,8,1/28/2000,Listening Library,"Fantasy;Young Adult;Fiction;Childrens;Adventure;Science Fiction;Audiobook;Science Fiction Fantasy;Science Fiction,Steampunk;Childrens,Middle Grade"
15734,Galápagos,Kurt Vonnegut Jr.,3.88,2246371929,9782246371922,fre,282,27,1,6/1/1994,Grasset,"Fiction;Science Fiction;Classics;Humor;Literature;Novels;Literature,American;Fantasy;Science Fiction,Dystopia;Apocalyptic,Post Apocalyptic"
28922,An Artist of the Floating World,Kazuo Ishiguro,3.76,0571225365,9780571225361,eng,206,15416,1152,3/3/2005,Faber and Faber,"Fiction;Cultural,Japan;Historical,Historical Fiction;Asian Literature,Japanese Literature;Literature;Literary Fiction;Cultural,Asia;Historical;Novels;Contemporary"
18035,Right Ho  Jeeves (Jeeves  #6),P.G. Wodehouse,4.32,140690483X,9781406904833,eng,224,8193,443,11/3/2006,Hard Press,"Fiction;Humor;Classics;Humor,Comedy;European Literature,British Literature;Audiobook;Novels;Literature,20th Century;Literature;Historical,Historical Fiction"
5219,The Bluest Eye,Toni Morrison,4.03,0452282195,9780452282193,eng,216,3420,280,4/27/2000,Plume Books,"Fiction;Classics;Historical,Historical Fiction;Cultural,African American;Race;Novels;Literature;Literary Fiction;Literature,Banned Books;Academic,School"
8506,Thomas Jefferson (Oxford Portraits),R.B. Bernstein,4.01,0195181301,9780195181302,eng,253,4245,133,9/15/2005,Oxford University Press  USA,"Biography;History;Nonfiction;North American Hi...,American History;Politics,Presidents;Politics;Military History,American Revolution;Biography Memoir;Presidents,Us Presidents;American Revolution,American Revolutionary War"
26401,Primary English: Knowledge and Understanding,Jane Medwell/David Wray,3.87,1844450937,9781844450930,eng,218,1,0,4/1/2007,Learning Matters,Teaching;Nonfiction
33496,Miskatonic University: Dire Secrets & Campus Life (Call of Cthulhu RPG),Sam Johnson/Sandy Antunes,4.12,1568821409,9781568821405,eng,242,38,0,10/12/2005,Chaosium,"Games,Role Playing Games;Horror;Games,Gaming;Lovecraftian,Cthulhu Mythos;Sports and Games,Games"
11494,Humboldt's Gift,Saul Bellow,3.86,0140189440,9780140189445,eng,487,6995,378,6/1/1996,Penguin Classics,"Fiction;Classics;Literature;Novels;Literature,American;Literary Fiction;Nobel Prize;Literature,20th Century;Contemporary;The United States Of America"
34295,Whitethorn Woods,Maeve Binchy,3.61,0307265781,9780307265784,eng,339,11498,1016,3/6/2007,Knopf Publishing Group,"Fiction;Cultural,Ireland;Romance;Womens Fiction,Chick Lit;European Literature,Irish Literature;Contemporary;Audiobook;Adult;Drama;Novels"
38242,Let's Go Australia on a Budget,Let's Go Inc.,3.93,031236086X,9780312360863,en-US,784,9,2,11/28/2006,Let's Go Publications,Travel
36535,Autobiographies: Narrative of the Life of Frederick Douglass / My Bondage and My Freedom / Life and Times of Frederick Douglass,Frederick Douglass/Henry Louis Gates Jr.,4.35,0940450798,9780940450790,eng,1132,504,36,2/1/1994,Library of America,"History;Biography;Nonfiction;Classics;Autobiography,Memoir;Biography,Autobiography;Cultural,African American;Military History,Civil War;North American Hi...,American History;Race"
9058,Charles Dickens as a Legal Historian,William Holdsworth,4.0,1886363064,9781886363069,eng,166,4,2,2/1/2010,Lawbook Exchange  Ltd.,Law
22553,Gunslinger Girl  Vol. 1,Yu Aida/Hiroshi Aida,3.87,1413900208,9781413900200,eng,175,911,42,12/29/2003,ADV Manga,"Sequential Art,Manga;Sequential Art,Comics;Sequential Art,Graphic Novels;Science Fiction;Fiction;Action;Manga,Seinen;Comics Manga;Media Tie In,Anime;Childrens"
42180,iMovie 4 & iDVD: The Missing Manual: The Missing Manual,David Pogue,3.25,0596006934,9780596006938,eng,496,4,0,8/23/2004,Pogue Press,Computers
3940,Supreme Power: Hyperion,J. Michael Straczynski/Dan Jurgens,3.45,0785118950,9780785118954,eng,120,232,9,7/19/2006,Marvel,"Sequential Art,Comics;Sequential Art,Graphic Novels;Superheroes,Marvel;Fiction;Comics,Superheroes;Science Fiction"
13912,A Beautiful Mind,Sylvia Nasar,4.13,0571212921,9780571212927,eng,461,115201,1008,2/4/2002,Faber  Faber,"Biography;Nonfiction;Psychology;Science;Science,Mathematics;History;Biography Memoir;Health,Mental Health;Media Tie In;Autobiography,Memoir"
4681,Reversible Errors (Kindle County Legal Thriller #6),Scott Turow,3.83,0446612626,9780446612623,eng,553,5073,222,11/1/2003,Warner Vision,"Fiction;Mystery;Thriller,Legal Thriller;Thriller;Mystery,Crime;Thriller,Mystery Thriller;Suspense;Audiobook;Adult Fiction;Law"
1007,Think and Grow Rich,Napoleon Hill,4.18,1932429239,9781932429237,eng,368,48,9,8/7/2004,High Roads Media,"Nonfiction;Self Help,Personal Development;Psychology;Currency,Money;Self Help;Economics,Finance;Finance,Personal Finance;Business;Philosophy;Business,Entrepreneurship"
27036,Augustine,Henry Chadwick,3.71,0192875345,9780192875341,eng,128,14,3,6/19/1986,Oxford University Press  USA,"Philosophy;Religion;History;Religion,Theology;Biography;Religion,Christianity;Nonfiction;Christian;Spirituality;Church,Church History"
4436,Running with Scissors,Augusten Burroughs,3.72,1843544857,9781843544852,en-GB,320,667,70,11/4/2006,Atlantic Books,"Autobiography,Memoir;Nonfiction;Biography;Humor;Biography Memoir;Biography,Autobiography;LGBT;Psychology;Health,Mental Health;Mental Health,Mental Illness"
2353,Cold Counsel: Women in Old Norse Literature and Myth,Sarah M.  Anderson/Karen Swenson,3.68,0815319665,9780815319665,eng,320,19,2,12/21/2002,Routledge,History;Academic
31673,The Cambridge Companion to Jane Austen,Edward Copeland/Juliet McMaster,4.09,0521498678,9780521498678,en-US,251,320,21,5/13/1997,Cambridge University Press,"Nonfiction;Criticism,Literary Criticism;History;Literature;Reference;Writing,Books About Books;Criticism;Writing,Essays;Literature,19th Century;Classics"
20343,The Various,Steve Augarde,3.71,0440420296,9780440420293,eng,448,825,98,11/8/2005,Yearling,"Fantasy;Young Adult;Fiction;Childrens;Paranormal,Fairies;Childrens,Middle Grade;Adventure;European Literature,British Literature;Fantasy,Magic;Unfinished"
4221,The Guide to Dan Brown's the Solomon Key,Greg  Taylor,2.98,0875168167,9780875168166,en-US,183,34,2,9/30/2005,DeVorss & Company,Fiction
29623,After Glow (Ghost Hunters  #2),Jayne Castle/Jayne Ann Krentz,4.14,0515136948,9780515136944,eng,343,4149,138,2/24/2004,Jove Books,"Romance;Fantasy,Paranormal;Romance,Paranormal Romance;Fantasy;Mystery;Science Fiction;Futuristic;Fiction;Romance,Romantic Suspense;Suspense"
13853,The Lion  the Witch and the Wardrobe,C.S. Lewis/Pauline Baynes,4.21,0060530839,9780060530839,en-US,112,381,19,11/4/2003,HarperCollins,"Fantasy;Classics;Fiction;Young Adult;Childrens;Childrens,Middle Grade;Adventure;Christian;Fantasy,Magic;Christian Fiction"
7432,Pardonable Lies (Maisie Dobbs  #3),Jacqueline Winspear,4.09,0312426216,9780312426217,eng,359,23318,1704,6/27/2006,Picador USA,"Mystery;Historical,Historical Fiction;Fiction;Historical;Audiobook;Mystery,Historical Mystery;European Literature,British Literature;Thriller,Mystery Thriller;Mystery,Crime;Adult"
38154,Orlando Furioso,Ludovico Ariosto/Guido Waldman,4.02,0192836773,9780192836779,eng,656,2339,64,1/28/1999,Oxford University Press,"Poetry;Classics;Fantasy;European Literature,Italian Literature;Fiction;Epic;Cultural,Italy;Literature;Historical,Medieval;Literature,16th Century"
7494,Suzanne's Diary for Nicholas,James Patterson,4.17,0446611085,9780446611084,eng,289,131662,4267,8/1/2003,Vision,"Romance;Fiction;Womens Fiction,Chick Lit;Contemporary;Adult;Mystery;Adult Fiction;Drama;Love;Romance,Contemporary Romance"
815,Three Nights in August: Strategy  Heartbreak  and Joy Inside the Mind of a Manager,H.G. Bissinger,3.88,0618710531,9780618710539,eng,287,6870,237,4/4/2006,Mariner Books,"Sports,Sports;Sports,Baseball;Nonfiction;Biography;History;Autobiography,Memoir;Audiobook;Writing,Journalism;Business,Management;Contemporary"
22549,The Dark Tower (The Dark Tower #7),Stephen King,4.28,0340827211,9780340827215,eng,686,362,40,9/21/2004,Hodder & Stoughton,Fantasy;Fiction;Horror;Science Fiction;Adventure;Westerns;Audiobook;Science Fiction Fantasy;Epic;Novels
6346,Phaedo,Plato/Eva Brann/Peter Kalkavage/Eric Salem,4.04,0941051692,9780941051699,eng,118,94,12,9/1/1998,Focus,"Philosophy;Classics;Nonfiction;Literature,Ancient;History;Academic,School;History,Ancient History;Cultural,Greece;Death;Religion"
763,Cien años de soledad,Gabriel García Márquez,4.07,0307350428,9780307350428,spa,496,130,5,2/7/2006,Plaza y Janes,"Fiction;Classics;Magical Realism;Literature;Fantasy;Novels;Historical,Historical Fiction;European Literature,Spanish Literature;Literary Fiction;Cultural,Latin American"
32125,After the Mourning (Francis Hancock #2),Barbara Nadel,3.42,0755321383,9780755321384,eng,352,104,11,12/28/2006,Headline,"Mystery;Fiction;Mystery,Crime;Historical,Historical Fiction;War,World War II;Historical"
15529,II Maccabees,Anonymous/Jonathan  A. Goldstein,4.04,0385048645,9780385048644,eng,595,24,2,10/11/1983,Anchor Bible,Religion;Biblical
6462,His Excellency: George Washington,Joseph J. Ellis,3.92,1400032539,9781400032532,eng,320,32978,1112,11/8/2005,Vintage,"History;Biography;Nonfiction;Politics,Presidents;North American Hi...,American History;Politics;Military History,American Revolution;Presidents,Us Presidents;Biography Memoir;Historical"
32900,Perfect Match,Jodi Picoult,3.95,0743418727,9780743418720,eng,368,213,33,5/1/2002,Atria Books,"Fiction;Contemporary;Womens Fiction,Chick Lit;Drama;Adult Fiction;Adult;Mystery;Mystery,Crime;Family;Realistic Fiction"
3291,The Stories of Eva Luna,Isabel Allende,3.97,0743217187,9780743217187,eng,352,12839,375,11/13/2001,Scribner,"Fiction;Short Stories;Magical Realism;European Literature,Spanish Literature;Cultural,Latin American;Historical,Historical Fiction;Romance;Literature;Adult;Classics"
27473,The End of Days (The Earth Chronicles  #7),Zecharia Sitchin,4.08,0061238236,9780061238239,eng,336,489,36,4/3/2007,William Morrow,"History;Nonfiction;History,Ancient History;Fantasy,Mythology;Science;Religion;Science Fiction,Aliens;Philosophy,Metaphysics;Occult;Pseudoscience,Conspiracy Theories"
40209,Maggie: A Girl of the Streets and Other Tales of New York,Stephen Crane/Larzer Ziff/Theo Davis,3.66,0140437975,9780140437973,eng,272,2476,32,3/29/2001,Penguin Classics,"Classics;Fiction;Short Stories;Literature;Literature,19th Century;Historical,Historical Fiction;Academic,School;Literature,American;New York;Novels"
19144,Prodigal Blues,Gary A. Braunbeck/Deena Warner,4.25,1587671093,9781587671098,eng,304,221,28,5/1/2006,Cemetery Dance Publications,"Horror;Thriller;Mystery,Crime;Mystery;Fiction;Dark;Thriller,Mystery Thriller"
34542,Truckers (Bromeliad Trilogy  #1),Terry Pratchett,3.92,0060094966,9780060094966,eng,261,7464,176,4/1/2004,HarperCollins,"Fantasy;Fiction;Humor;Young Adult;Childrens;Science Fiction;Humor,Comedy;Audiobook;Adventure;Science Fiction Fantasy"
19199,The Spirit Level: Poems,Seamus Heaney,4.14,0374525110,9780374525118,eng,82,94,12,4/10/1997,Farrar  Straus and Giroux,"Poetry;Cultural,Ireland;European Literature,Irish Literature;Literature;Nonfiction;Nobel Prize;Literature,20th Century;Literary Fiction"
25752,Blind Flight,Hilary H. Milton,3.63,0590321145,9780590321143,en-US,122,25,5,12/1/1982,Scholastic,Childrens
34081,The Annotated Waste Land with Eliot's Contemporary Prose,T.S. Eliot/Lawrence Rainey,4.11,0300119941,9780300119947,eng,304,227,23,8/28/2006,Yale University Press,"Poetry;Classics;Fiction;Literature;Literature,20th Century;Academic,School;Literature,American;Academic,College;European Literature,British Literature;Academic,Read For School"
25919,Love Mode  Vol. 3,Yuki Shimizu,4.15,1598160125,9781598160123,eng,184,585,14,7/3/2006,Blu,"Sequential Art,Manga;Manga,Yaoi;Romance;Yaoi,Boys Love;Romance,M M Romance;Fiction;Sequential Art,Graphic Novels;LGBT;Sequential Art,Comics;Contemporary"
42558,Bull Halsey,E.B. Potter,4.16,1591146917,9781591146919,eng,440,56,6,4/21/2003,US Naval Institute Press,"Biography;War,World War II;History;War,Military Fiction;Military,Military History;Military History,Naval History"
42763,A Dracula Handbook,Elizabeth Russell Miller,4.07,1413480942,9781413480948,eng,200,10,1,3/23/2005,Xlibris Corporation,"Writing,Books About Books;History"
22680,American Sphinx: The Character of Thomas Jefferson,Joseph J. Ellis,3.92,0679764410,9780679764410,eng,440,20178,590,4/7/1998,Vintage,"History;Biography;Nonfiction;North American Hi...,American History;Politics,Presidents;Politics;Military History,American Revolution;Biography Memoir;Presidents,Us Presidents;Historical"
38228,Kaplan & Sadock's Synopsis of Psychiatry: Behavioral Sciences/Clinical Psychiatry,Benjamin James Sadock/Virginia Alcott Sadock,4.22,0781731836,9780781731836,eng,1500,246,9,12/16/2002,LWW,"Medicine,Psychiatry;Psychology;Nonfiction;Textbooks;Health,Medicine;Medical;Science;Reference;Social Science,Social Work;Health,Mental Health"
9,"Unauthorized Harry Potter Book Seven News: ""Half-Blood Prince"" Analysis and Speculation",W. Frederick Zimmerman,3.74,0976540606,9780976540601,en-US,152,19,1,4/26/2005,Nimble Books,Fiction
22820,犬夜叉  27,Rumiko Takahashi,4.28,4091256473,9784091256478,jpn,192,12,1,9/18/2002,小学館,"Sequential Art,Manga;Fantasy;Sequential Art,Graphic Novels;Romance;Manga,Shonen;Sequential Art,Comics;Science Fiction,Time Travel;Fiction;Historical,Historical Fiction;Comics Manga"
7955,Empire (Empire  #1),Orson Scott Card,3.43,0765316110,9780765316110,en-US,352,8577,756,11/28/2006,Tor Books,"Science Fiction;Fiction;Thriller;Science Fiction Fantasy;Politics;Fantasy;War,Military Fiction;War;Audiobook;Science Fiction,Alternate History"
30417,The Killing of Monday Brown,Sandra West Prowell,3.45,0553569694,9780553569698,eng,320,92,11,7/1/1996,Bantam,Mystery;Fiction
29639,The Quiet American,Graham Greene/Zadie Smith,3.97,0099478390,9780099478393,eng,198,1344,156,10/7/2004,Vintage Books/Vintage Classics,"Fiction;Classics;Historical,Historical Fiction;War;Literature;Novels;Cultural,Asia;European Literature,British Literature;Literary Fiction;Spy Thriller,Espionage"
22888,Just Another Pretty Face (Hollywood Dynasty  #2),Candace Schuler,3.89,0373255594,9780373255597,eng,215,17,1,7/23/1993,Harlequin Temptation,Romance
8931,Jamie's Dinners: The Essential Family Cookbook,Jamie Oliver/Marion Deuchars/David Loftus/Chris Terry,4.07,1401301940,9781401301941,eng,336,4296,51,11/3/2004,Hachette Books,"Food and Drink,Cookbooks;Food and Drink,Cooking;Food and Drink,Food;Nonfiction;Reference;Food and Drink;Food and Drink,Cuisine;Food and Drink,Culinary;Health;Food and Drink,Foodie"
15806,The Lovely Bones,Alice Sebold,3.81,0316168815,9780316168816,en-US,328,5945,735,4/20/2004,Back Bay Books,"Fiction;Mystery;Young Adult;Contemporary;Fantasy;Mystery,Crime;Thriller;Adult;Adult Fiction;Drama"
18136,Romeo and Juliet,William Shakespeare/Rex Gibson,3.74,0521618703,9780521618700,en-US,228,425,30,8/1/2005,Cambridge University Press,"Classics;Plays;Fiction;Romance;Academic,School;Drama;Academic,Read For School;Literature;Young Adult,High School;Poetry"
10593,The Shining,Stephen King/Campbell Scott,4.22,0743537009,9780743537001,eng,16,357,107,8/2/2005,Simon & Schuster Audio,"Horror;Fiction;Thriller;Classics;Fantasy;Fantasy,Paranormal;Mystery;Adult;Suspense;Audiobook"
44325,I Was a Teenage Fairy,Francesca Lia Block,3.82,0064408620,9780064408622,eng,192,6599,236,5/3/2000,HarperTeen,"Young Adult;Fantasy;Fiction;Magical Realism;Fantasy,Urban Fantasy;Romance;Young Adult,Teen;Paranormal,Fairies;Young Adult,Young Adult Fantasy;Fantasy,Paranormal"
15251,Death's Acre: Inside the Legendary Forensic Lab the Body Farm Where the Dead Do Tell Tales,William M. Bass/Jon Jefferson,4.19,0425198324,9780425198322,eng,320,8481,451,10/5/2004,Berkley,"Nonfiction;Science;Crime,True Crime;Mystery,Crime;Death;Anthropology;Medical;Health,Medicine;Autobiography,Memoir;Mystery"
30125,The Missing Piece Meets the Big O,Shel Silverstein,4.34,0060256575,9780060256579,eng,104,10503,505,1/24/2006,HarperCollins,"Childrens;Poetry;Childrens,Picture Books;Fiction;Classics;Inspirational;Sequential Art,Comics;Humor;Young Adult;Philosophy"
33922,Becoming a Goddess of Inner Poise: Spirituality for the Bridget Jones in All of Us,Donna Freitas,3.59,0787976288,9780787976286,eng,239,34,4,9/1/2004,Jossey-Bass,Spirituality
16793,Stardust,Neil Gaiman,4.08,0061142026,9780061142024,eng,248,283274,11746,8/29/2006,Harper Perennial,"Fantasy;Fiction;Romance;Young Adult;Adventure;Fantasy,Magic;Audiobook;Science Fiction Fantasy;Fantasy,Fairy Tales;Adult"
350,Stranger in a Strange Land,Robert A. Heinlein,3.92,0441788386,9780441788385,eng,528,251872,6241,10/1/1991,Ace,Science Fiction;Fiction;Classics;Science Fiction Fantasy;Fantasy;Novels;Speculative Fiction;Philosophy;Audiobook;Religion
3976,Hard Freeze (Joe Kurtz  #2),Dan Simmons,3.84,0312989482,9780312989484,eng,320,734,44,9/15/2003,Minotaur Books,"Mystery;Thriller;Mystery,Crime;Fiction;Mystery,Detective;Mystery,Noir;Thriller,Mystery Thriller;Mystery,Hard Boiled;Literature,American;Suspense"
1462,Euripides I: Alcestis / The Medea / The Heracleidae / Hippolytus,Euripides/Richmond Lattimore/David Grene/Rex Warner/Ralph Gladstone,4.03,0226307808,9780226307800,eng,221,4483,56,2/15/1955,University of Chicago Press,"Classics;Plays;Drama;Fantasy,Mythology;Fiction;Literature;Plays,Theatre;Poetry;Mythology,Greek Mythology;Literature,Ancient"
30357,Words of Silk,Erin St. Claire/Sandra Brown,3.56,0446614165,9780446614160,eng,224,2677,136,4/1/2005,Grand Central Publishing,"Romance;Romance,Contemporary Romance;Contemporary;Fiction;Category Romance,Harlequin;Adult;Womens Fiction,Chick Lit;Audiobook;Roman;Romance,Category Romance"
22774,Slightly Settled (Slightly  #2),Wendy Markham,3.68,0373250479,9780373250479,en-US,312,4756,84,1/23/2004,Red Dress Ink,"Womens Fiction,Chick Lit;Fiction;Romance;Adult;Romance,Contemporary Romance;Contemporary;Humor;Womens Fiction"
39535,Fabulous Small Jews,Joseph Epstein,3.9,0618446583,9780618446582,en-US,352,192,29,7/6/2004,Mariner Books,"Fiction;Literature,Jewish;Short Stories"
6388,The Da Vinci Code (Robert Langdon  #2),Dan Brown,3.84,0385504217,9780385504218,eng,522,2780,334,3/18/2003,Doubleday Publishing (NY),"Fiction;Mystery;Thriller;Thriller,Mystery Thriller;Historical,Historical Fiction;Suspense;Adventure;Novels;Mystery,Crime;Adult"
38496,Factotum,Charles Bukowski,3.97,006113127X,9780061131271,en-US,208,414,56,8/15/2006,Ecco,"Fiction;Classics;Novels;Literature;Literature,American;Contemporary;Thriller;Poetry;Mystery;The United States Of America"
6295,Howl and Other Poems,Allen Ginsberg/William Carlos Williams,4.13,0872863107,9780872863101,eng,56,85143,1284,1/1/2001,City Lights,"Poetry;Classics;Fiction;Literature,American;Literature;LGBT;LGBT,Queer;Literature,20th Century;Literature,Banned Books;Academic,School"
35350,What the Body Remembers,Shauna Singh Baldwin,3.89,0385496052,9780385496056,eng,471,2340,153,1/16/2001,Anchor,"Cultural,India;Fiction;Historical,Historical Fiction;Cultural,Canada;Historical;Cultural,Asia;Literature;Asian Literature,Indian Literature;Literary Fiction;Cultural"
11027,No me cogeréis vivo: artículos 2001-2005,Arturo Pérez-Reverte,4.16,8420469432,9788420469430,spa,537,199,5,11/10/2005,Alfaguara,"Writing,Journalism"
26979,Novels and Stories,Zora Neale Hurston/Cheryl A. Wall,4.37,0940450836,9780940450837,eng,1054,564,30,2/1/1995,Library of America,"Fiction;Short Stories;Classics;Novels;Literature;Anthologies;Literature,American;Race;Gothic,Southern Gothic;Cultural"
4696,The Last Jew,Noah Gordon/Mirjana Cvekić/Ljiljana Cvekić,4.1,0312300530,9780312300531,eng,352,4360,189,8/15/2000,St. Martin's Griffin,"Historical,Historical Fiction;Fiction;Historical;Cultural,Spain;Literature,Jewish;Novels;Religion;Religion,Judaism;Literature,15th Century;Historical,Medieval"
23257,The Great Philosophers: An Introduction to Western Philosophy,Bryan Magee/Myles Burnyeat/Martha C. Nussbaum/Anthony Kenny/Bernard Williams/Anthony Quinton/Michael  Ayres/John Passmore/Geoffrey Warnock/Peter Singer/Frederick Charles Copleston/J. P. Stern/Hubert L. Dreyfus/Sidney Morgenbesser/A.J. Ayer/John Rogers Searle,4.07,019289322X,9780192893222,eng,352,359,18,1/18/2001,Oxford University Press  USA,"Philosophy;Nonfiction;History;Reference;Philosophy,Theory"
9950,Murder in Amsterdam: The Death of Theo van Gogh and the Limits of Tolerance,Ian Buruma,3.72,1594201080,9781594201080,eng,288,996,98,9/7/2006,Penguin Press HC  The,"Nonfiction;Politics;History;Religion,Islam;Religion;Crime,True Crime;Mystery,Crime;Sociology;History,European History;War,Terrorism"
41824,The Currents of Space (Galactic Empire  #2),Isaac Asimov,3.83,4490249512,9780449015414,eng,192,37,3,1/1/1952,Fawcett crest,"Science Fiction;Fiction;Science Fiction Fantasy;Space,Space Opera;Audiobook;Classics;Fantasy;Novels;Mystery;Adventure"
43283,Unspeakable Truths and Happy Endings: Human Cruelty and the New Trauma Therapy,Rebecca Coffey,4.25,1886968055,9781886968059,en-US,226,12,0,4/1/2005,Sidran Press,Psychology
21717,Triptych (Will Trent  #1),Karin Slaughter,4.13,0385339461,9780385339469,eng,393,42325,2011,8/15/2006,Delacorte Press,"Mystery;Thriller;Mystery,Crime;Fiction;Thriller,Mystery Thriller;Suspense;Audiobook;Adult;Mystery,Detective;Contemporary"
25037,El rey de Les Halles,Juliette Benzoni/Francisco Rodriguez de Lecea,4.19,8466619453,9788466619455,spa,448,207,5,1/1/2007,Ediciones B,"Historical,Historical Fiction;Romance;Historical;Romance,Historical Romance"
9924,The Grass Harp  Including A Tree of Night and Other Stories,Truman Capote,4.01,0679745572,9780679745570,eng,272,4533,188,9/28/1993,Vintage,"Fiction;Short Stories;Classics;Literature,American;American,Southern;Gothic,Southern Gothic;Literature;Literature,20th Century;Literary Fiction;Novels"
7777,McElligot's Pool,Dr. Seuss,4.06,0394800834,9780394800837,eng,64,4560,253,9/12/1947,Random House Books for Young Readers,"Childrens,Picture Books;Childrens;Fiction;Poetry;Classics;Humor;Fantasy;Animals;Childrens,Juvenile;Kids"
37169,The Delta Star,Joseph Wambaugh,3.66,0553273868,9780553273861,eng,291,592,20,1/1/1984,Bantam,"Fiction;Mystery;Mystery,Crime;Novels;Humor;Thriller;Thriller,Mystery Thriller;Action"
36060,Because the Night (Lloyd Hopkins  #2),James Ellroy,3.48,1400095298,9781400095292,eng,288,1085,42,10/18/2005,Vintage,"Mystery,Crime;Fiction;Mystery;Mystery,Noir;Thriller;Mystery,Detective;Novels;Suspense;Thriller,Mystery Thriller;Literature,American"
4673,The Great Gatsby,Kathleen Parkinson/F. Scott Fitzgerald,3.88,0140771972,9780140771978,eng,144,557,28,11/25/2003,Penguin Global,"Classics;Fiction;Criticism,Literary Criticism;Classics,Classic Literature;Literature;The United States Of America"
28568,The Vanished Man (Lincoln Rhyme  #5),Jeffery Deaver,4.1,0743437810,9780743437813,en-US,560,15135,584,7/1/2004,Pocket Books,"Mystery;Thriller;Fiction;Mystery,Crime;Thriller,Mystery Thriller;Suspense;Mystery,Detective;Audiobook;Mystery,Murder Mystery;Adult"
13210,Wouldn't Take Nothing for My Journey Now,Maya Angelou,4.27,0553380176,9780553380170,eng,127,7423,319,5/12/1997,Bantam,"Nonfiction;Autobiography,Memoir;Poetry;Biography;Writing,Essays;Biography,Autobiography;Cultural,African American;Classics;Feminism;Inspirational"
18956,Homicide: A Year on the Killing Streets,David Simon,4.38,0805080759,9780805080759,eng,646,12071,837,8/22/2006,Holt McDougal,"Nonfiction;Crime,True Crime;Mystery,Crime;History;Writing,Journalism;Mystery;Sociology;Politics;Biography;Emergency Services,Police"
32964,Selections from Homer’s Iliad,Homer/Allen Rogers Benner/Mark W. Edwards,4.41,0806133635,9780806133638,eng,522,67,7,12/15/2001,University of Oklahoma Press,"Classics;Poetry;Fantasy,Mythology;Fiction;Textbooks;History,Ancient History"
15846,Theories of Relativity,Barbara Haworth-Attard,3.91,0805077901,9780805077902,eng,240,760,75,9/1/2005,Henry Holt and Co. (BYR),"Young Adult;Fiction;Realistic Fiction;Young Adult,Teen;Cultural,Canada;Contemporary;Academic,School"
12059,The Accidental Bodyguard (Accidental  #2),Ann Major,3.25,0373760035,9780373760039,eng,192,18,0,4/24/1996,Silhouette Desire,"Category Romance,Harlequin"
7842,Another Day in Cubicle Paradise,Scott Adams,4.01,0740721941,9780740721946,eng,128,416,11,3/1/2002,Andrews McMeel Publishing,"Humor;Sequential Art,Comics;Fiction;Sequential Art,Comic Strips;Humor,Comedy;Sequential Art,Graphic Novels;Graphic Novels Comics;Sequential Art;Sequential Art,Cartoon;Business"
3231,Gorgias/Timaeus,Plato/Benjamin Jowett,3.74,0486427595,9780486427591,eng,256,34,5,7/15/2003,Dover Publications,Philosophy
32576,Metamorphosis (Star Trek: The Next Generation),Jean Lorrah,3.72,0671684027,9780671684020,eng,371,1399,49,3/1/1990,Pocket Books,"Media Tie In,Star Trek;Science Fiction;Fiction;Star Trek,Star Trek The Next Generation;Science Fiction Fantasy;Fantasy;Adventure;Media Tie In;Novels;Media Tie In,Tv"
36550,Antes que anochezca,Reinaldo Arenas,4.17,8483105020,9788483105023,spa,343,427,35,2/28/2008,TusQuets,"Nonfiction;Autobiography,Memoir;LGBT;Biography;LGBT,Queer;History;Biography,Autobiography;LGBT,Gay;Biography Memoir;European Literature,Spanish Literature"
13752,The Master of Go,Yasunari Kawabata/Edward G. Seidensticker,3.84,0679761063,9780679761068,eng,189,2821,199,5/28/1996,Vintage,"Fiction;Cultural,Japan;Asian Literature,Japanese Literature;Classics;Literature;Games,Go;Cultural,Asia;Nobel Prize;Novels;Sports and Games,Games"
31341,Blood And Gold (The Vampire Chronicles  #8),Anne Rice,3.89,0099271494,9780099271499,eng,752,28012,436,11/7/2002,Arrow,"Paranormal,Vampires;Horror;Fantasy;Fiction;Fantasy,Paranormal;Fantasy,Supernatural;Fantasy,Urban Fantasy;Gothic;Historical,Historical Fiction;Adult"
8801,The Burgess Bird Book for Children,Thornton W. Burgess/Louis Agassiz Fuertes,4.31,0486428400,9780486428406,eng,260,1253,54,4/23/2003,Dover Publications,"Environment,Nature;Science;Childrens;Animals,Birds;Animals;Academic,School;Nonfiction;Childrens,Chapter Books;Classics;Education"
23316,Round Ireland with a Fridge,Tony Hawks,3.79,0312274920,9780312274924,en-US,248,15191,838,3/7/2001,Thomas Dunne Books,"Travel;Nonfiction;Humor;Cultural,Ireland;Autobiography,Memoir;Humor,Comedy;Biography;European Literature,Irish Literature;Adventure;Biography,Autobiography"
4940,The Brothers Karamazov,Fyodor Dostoyevsky/Constance Garnett/Maire Jaanus,4.32,159308045X,9781593080457,eng,720,1089,202,7/25/2004,Barnes  Noble Classics,"Classics;Cultural,Russia;Literature;Literature,Russian Literature;Philosophy;Novels;Literature,19th Century;Classics,Classic Literature;Religion;Historical,Historical Fiction"
17344,Till We Have Faces: A Myth Retold,C.S. Lewis/Nadia May,4.19,0786198389,9780786198382,eng,9,60,17,9/1/2000,Blackstone Publishing,"Fiction;Fantasy;Classics;Fantasy,Mythology;Christian;Religion;Retellings;Religion,Christianity;Christian Fiction;Literature"
25688,Complete Works of Tacitus,Tacitus/Alfred J. Church/William Jackson Brodribb/Moses Hadas,4.29,0075536390,9780075536390,eng,773,280,13,9/1/1964,McGraw-Hill Humanities/Social Sciences/Languages,"History;Classics;Nonfiction;History,Ancient History;Roman;Philosophy;Politics;Literature,Ancient;Reference;Historical"
41993,Kiss,Jill Mansell,3.68,0747268460,9780747268468,eng,512,1587,67,9/7/2000,Headline Review,"Womens Fiction,Chick Lit;Romance;Fiction;Romance,Contemporary Romance;European Literature,British Literature;Contemporary;Womens Fiction;Adult;Adult Fiction;Humor"
42444,I Like Winter (Seasons  #3),Lois Lenski/Heidi Kilgras,3.94,0375810684,9780375810688,eng,56,65,9,10/24/2000,Random House Books for Young Readers,"Holiday,Christmas;Childrens,Picture Books;Childrens;Poetry;Holiday;Fiction"
5548,What Do You Care What Other People Think?,Richard P. Feynman,4.27,0393320928,9780393320923,eng,256,15700,556,1/11/2001,W.W. Norton & Company,"Science;Nonfiction;Biography;Science,Physics;Autobiography,Memoir;History;Philosophy;Biography,Autobiography;Biography Memoir;Humor"
28087,Gabriel García Márquez: One Hundred Years of Solitude,Michael  Wood,4.54,0521316928,9780521316927,eng,132,3604,78,5/31/1990,Cambridge University Press,"Fiction;Classics;Novels;Literature;Fantasy;Magical Realism;Roman;Literature,Latin American Literature;Literary Fiction;Romance"
24789,Libra,Don DeLillo/Michel Courtois-Fourcy,3.99,2742731105,9782742731107,fre,656,8,1,1/1/2001,Babel,"Fiction;Historical,Historical Fiction;Novels;Literature;Literature,American;Politics;Literary Fiction;Literature,20th Century;Contemporary;The United States Of America"
14495,The Mind Parasites,Colin Wilson,3.77,0974935999,9780974935997,en-GB,240,927,90,10/1/2005,Monkfish Book Publishing,"Science Fiction;Horror;Fiction;Novels;Philosophy;Lovecraftian,Cthulhu Mythos;Fantasy;Horror,Lovecraftian;Occult;Fantasy,Weird Fiction"
13137,1st to Die (Women's Murder Club  #1),James Patterson,4.08,0446696617,9780446696616,eng,424,269826,5220,5/20/2005,Grand Central Publishing,"Mystery;Fiction;Thriller;Mystery,Crime;Thriller,Mystery Thriller;Suspense;Mystery,Murder Mystery;Audiobook;Adult;Mystery,Detective"
24881,The Beasties,William Sleator,3.83,0141306394,9780141306391,eng,208,846,90,10/1/1999,Puffin Books,"Horror;Young Adult;Fantasy;Fiction;Science Fiction;Young Adult,Teen;Childrens,Middle Grade;Childrens;Thriller;Mystery"
4165,The Hip-Hop Church: Connecting with the Movement Shaping Our Culture,Efrem Smith/Phil   Jackson,3.91,0830833293,9780830833290,eng,227,21,4,12/15/2005,IVP Books,Religion
29205,A Certain Justice (Abe Glitsky  #1),John Lescroart,4.01,0451217764,9780451217769,eng,624,2993,107,2/7/2006,Signet,"Mystery;Fiction;Thriller;Thriller,Legal Thriller;Mystery,Crime;Suspense;Thriller,Mystery Thriller;Novels;Audiobook;United States"
20315,The Dark City (Eliot Ness  #1),Max Allan Collins,3.88,0727862421,9780727862426,eng,233,49,5,8/1/2005,Severn House Publishers,"Mystery;Fiction;Historical,Historical Fiction;Historical;Mystery,Crime"
7734,Gulliver's Travels,Jonathan Swift/Claude Julien Rawson/Ian Higgins,3.57,0192805347,9780192805348,eng,422,258,21,3/10/2005,Oxford University Press,"Classics;Fiction;Fantasy;Adventure;Literature;Novels;Classics,Classic Literature;Literature,18th Century;Academic,School;European Literature,British Literature"
3870,A Short History of Nearly Everything,Bill Bryson,4.21,0767923227,9780767923224,eng,624,352,37,11/1/2005,Broadway Books,"Nonfiction;Science;History;Audiobook;Humor;Science,Physics;Science,Popular Science;Historical;Philosophy;Unfinished"
10772,Can't Wait to Get to Heaven,Fannie Flagg/Cassandra Campbell,3.91,1415930686,9781415930687,eng,384,326,66,7/18/2006,Books on Tape,"Fiction;Humor;American,Southern;Womens Fiction,Chick Lit;Adult Fiction;Contemporary;Audiobook;Novels;Adult;Book Club"
27304,Buddha,Karen Armstrong,3.89,0143034367,9780143034360,eng,240,3783,286,9/28/2004,Penguin Books,"Religion;Religion,Buddhism;Biography;Nonfiction;History;Philosophy;Spirituality;Cultural,India;Cultural,Asia;Biography Memoir"
11627,The Colossus and Other Poems,Sylvia Plath,4.19,0375704469,9780375704468,eng,84,9140,224,5/19/1998,Vintage,"Poetry;Classics;Fiction;Literature;Literature,American;Womens;Literature,20th Century;Health,Mental Health;Feminism;Female Authors"
32843,Around the World in Eighty Days,Jules Verne/George M. Towle/Bruce Sterling,3.93,0812968565,9780812968569,eng,211,778,35,12/30/2003,Modern Library,"Classics;Fiction;Adventure;Science Fiction;Cultural,France;Travel;Fantasy;Historical,Historical Fiction;Literature;Novels"
41740,Billy Budd  Sailor,Herman Melville,3.12,1417647116,9781417647118,eng,127,29,0,3/1/1999,Turtleback Books,"Classics;Fiction;Literature;Historical,Historical Fiction;Literature,American;Literature,19th Century;Academic,School;Novels;Short Stories;Novella"
2725,Illuminations: Essays and Reflections,Walter Benjamin/Hannah Arendt/Harry Zohn/Leon Wieseltier,4.29,0805202412,9780805202410,eng,288,9254,194,1/13/1969,Schocken,"Philosophy;Writing,Essays;Nonfiction;Philosophy,Theory;Art;Criticism,Literary Criticism;Criticism;History;European Literature,German Literature;Literature"
32413,Collected Plays: Henry IV  The Man with the Flower in His Mouth  Right You Are,Luigi Pirandello/Henry Reed,3.92,0714541109,9780714541105,eng,236,12,1,7/1/1987,Riverrun Press (New York  NY),Italian drama
39902,Bittersweet: Recipes and Tales from a Life in Chocolate,Alice Medrich/Deborah Jones,4.28,1579651607,9781579651602,eng,378,359,25,11/15/2003,Artisan,"Food and Drink,Cookbooks;Food and Drink,Food;Nonfiction;Food and Drink,Cooking;Food and Drink,Cuisine;Biography Memoir"
18952,The Rediscovery of Man,Cordwainer Smith,4.14,1857988191,9781857988192,eng,368,2396,98,5/13/1999,Gollancz,"Science Fiction;Short Stories;Fiction;Anthologies,Collections;Speculative Fiction;Anthologies;Science Fiction Fantasy;Classics;Fantasy;Space,Space Opera"
1709,Kitchen Confidential: Adventures in the Culinary Underbelly,Anthony Bourdain,4.07,0060934913,9780060934910,eng,302,2488,266,5/1/2001,Ecco Press,"Nonfiction;Food and Drink,Food;Autobiography,Memoir;Biography;Food and Drink,Cooking;Audiobook;Biography,Autobiography;Biography Memoir;Humor;Food and Drink,Foodie"
969,The Da Vinci Code,Dan Brown,3.84,076792603X,9780767926034,eng,467,1120,105,3/28/2006,Broadway Books,"Fiction;Mystery;Thriller;Thriller,Mystery Thriller;Historical,Historical Fiction;Suspense;Adventure;Novels;Mystery,Crime;Adult"
31306,Murder at the Vicarage (Miss Marple  #1),Agatha Christie,4.05,0451201159,9780451201157,eng,256,462,55,9/1/2000,Signet,"Mystery;Fiction;Classics;Mystery,Crime;Thriller,Mystery Thriller;Mystery,Detective;Audiobook;Mystery,Cozy Mystery;European Literature,British Literature;Thriller"
7199,The Way the Crow Flies,Ann-Marie MacDonald,4.09,0060586370,9780060586379,en-US,848,11330,1011,8/31/2004,Harper Perennial,"Fiction;Historical,Historical Fiction;Cultural,Canada;Mystery;Historical;Literary Fiction;Contemporary;Adult Fiction;Literature,Canadian Literature;Book Club"
40795,Turtle Island,Gary Snyder/Michael Corr,4.09,0811205460,9780811205467,eng,112,3809,105,1/17/1974,New Directions,"Poetry;Environment,Nature;Philosophy;Environment;Classics;Fiction;Writing,Essays;Literature,American;Literature;The United States Of America"
1420,Hamlet,William Shakespeare/Harold Bloom/Rex Gibson,4.02,0521618746,9780521618748,eng,289,609271,7139,8/1/2005,Cambridge University Press,"Classics;Plays;Fiction;Drama;Academic,School;Literature;Plays,Theatre;Academic,Read For School;Poetry;Young Adult,High School"
30597,The Hunchback of Notre-Dame,Victor Hugo/Walter J. Cobb,4.0,0451527887,9780451527882,eng,510,140529,2558,4/10/2001,Signet Classics,"Classics;Fiction;Historical,Historical Fiction;Cultural,France;Literature;European Literature,French Literature;Gothic;Historical;Romance;Novels"
42389,Band of Brothers: E Company  506th Regiment  101st Airborne from Normandy to Hitler's Eagle's Nest,Stephen E. Ambrose,4.43,0743464117,9780743464116,eng,432,82525,2124,9/1/2002,Simon & Schuster; Media Tie-In edition,"History;Nonfiction;War;War,Military Fiction;War,World War II;Military,Military History;Historical;Biography;North American Hi...,American History;Audiobook"
38510,Tiempo De Matar,John Grisham,4.07,8408041258,9788408041252,spa,0,3,0,7/1/2003,Planeta Publishing,"Fiction;Mystery;Thriller;Mystery,Crime;Suspense;Thriller,Legal Thriller;Thriller,Mystery Thriller;Novels;Adult Fiction;Adult"
25347,Out of Egypt (Christ the Lord  #1),Anne Rice,3.58,0345436830,9780345436832,eng,350,11519,981,10/31/2006,Ballantine Books,"Fiction;Historical,Historical Fiction;Religion;Christian;Historical;Christian Fiction;Religion,Christianity;Biblical Fiction;Fantasy;Spirituality"
33493,The Keeper's Companion Vol. 1 (Call of Cthulhu RPG),Keith Herber/Brian M. Sammons/William Dietze/Chaosium Inc.,3.92,1568821441,9781568821443,eng,208,65,1,9/15/2003,Chaosium,"Games,Role Playing Games;Horror;Sports and Games,Games;Games,Gaming"
30676,The Act of Creation,Arthur Koestler,4.26,0140191917,9780140191912,en-US,752,365,24,12/7/1990,Arkana/Penguin,"Psychology;Philosophy;Nonfiction;Art;Science;History;Language,Writing;Design;Classics;Self Help"
31992,鋼之鍊金術師 1,Hiromu Arakawa/荒川弘/方郁仁,4.5,9861146091,9789861146096,zho,183,9,1,6/1/2004,東立,"Sequential Art,Manga;Fantasy;Sequential Art,Graphic Novels;Sequential Art,Comics;Fiction;Young Adult;Science Fiction;Science Fiction,Steampunk;Adventure;Comics Manga"
35459,Star Wars:  Revenge of the Sith Incredible Cross-Sections,Curtis Saxton/Hans Jenssen/Richard Chasemore,4.21,0756611296,9780756611293,eng,32,100,4,4/2/2005,DK Children,"Media Tie In,Star Wars;Reference;Nonfiction"
19681,Carrier: A Guided Tour of an Aircraft Carrier (Guided Tour),Tom Clancy/Leon A. Edney,3.82,0425166821,9780425166826,eng,368,583,11,2/1/1999,Berkley,"Nonfiction;War,Military Fiction;History;Aviation;Military,Military History;Reference;Military History,Naval History;War"
16427,Dead Man's Folly (Hercule Poirot  #33),Agatha Christie,3.79,0007121075,9780007121076,eng,288,619,75,7/1/2008,HarperCollins Publishers,"Mystery;Fiction;Mystery,Crime;Classics;Mystery,Detective;Thriller,Mystery Thriller;Audiobook;European Literature,British Literature;Mystery,Murder Mystery;Thriller"
32511,Will in the World: How Shakespeare Became Shakespeare,Stephen Greenblatt,3.94,0393050572,9780393050578,en-US,430,421,70,9/30/2004,W.W. Norton & Company (NY/London),"Biography;Nonfiction;History;Literature;Criticism,Literary Criticism;Biography Memoir;European Literature,British Literature;Plays,Theatre;Drama;Historical"
35592,Magic Circles: The Beatles in Dream and History,Devin McKinney,3.88,067401636X,9780674016361,eng,432,56,6,10/18/2004,Harvard University Press,Music;Nonfiction
42899,Dark Lover (Black Dagger Brotherhood  #1),J.R. Ward,4.2,0451216954,9780451216953,eng,393,259511,10475,9/6/2005,Penguin Group (USA),"Romance;Fantasy,Paranormal;Paranormal,Vampires;Romance,Paranormal Romance;Fantasy;Fantasy,Urban Fantasy;Adult;Fiction;Adult Fiction,Erotica;Fantasy,Supernatural"
31980,Cross-X,Joe  Miller,3.8,0374131945,9780374131944,eng,480,189,40,10/3/2006,Farrar Straus Giroux,"Nonfiction;Education;Sociology;Cultural,African American;Race;Adult;History;Social Movements,Social Justice;Young Adult,High School;Autobiography,Memoir"
30363,Exclusive,Sandra Brown,3.97,0446604232,9780446604239,eng,496,5852,342,7/1/1997,Grand Central Publishing,"Romance;Romance,Romantic Suspense;Mystery;Fiction;Suspense;Thriller;Contemporary;Thriller,Mystery Thriller;Mystery,Crime;Romance,Contemporary Romance"
30055,It's Not About the Bike: My Journey Back to Life,Lance Armstrong/Sally Jenkins,3.72,0224060872,9780224060875,en-GB,294,495,42,5/3/2001,Yellow Jersey,"Nonfiction;Sports,Sports;Sports,Cycling;Autobiography,Memoir;Biography,Autobiography;Biography;Biography Memoir;Inspirational;Health;Self Help"
44595,Wide Sargasso Sea,Jean Rhys,3.58,0140818030,9780140818031,en-US,168,878,79,4/26/2001,Penguin Classics,"Fiction;Classics;Historical,Historical Fiction;Literature;Historical;Feminism;Literary Fiction;Novels;Academic,School;Literature,20th Century"
40143,The Family That Couldn't Sleep: A Medical Mystery,D.T. Max,3.91,081297252X,9780812972528,eng,299,237,48,9/11/2007,Random House Trade Paperbacks,"Nonfiction;Science;Health,Medicine;Medical;History;Health;Psychology;Science,Biology;Mystery;Audiobook"
3631,Catching Alice,Clare Naylor,3.38,0449005577,9780449005576,en-US,328,948,27,10/31/2000,Ballantine Books,"Womens Fiction,Chick Lit;Fiction;Romance"
37032,The Risk of Darkness (Simon Serrailler  #3),Susan Hill,3.95,0701179791,9780701179793,eng,320,3060,264,7/1/2006,Chatto & Windus,"Mystery;Mystery,Crime;Fiction;European Literature,British Literature;Thriller,Mystery Thriller;Mystery,Detective;Audiobook;Thriller;Emergency Services,Police;Suspense"
2655,To Kill a Mockingbird,Harper Lee/Sissy Spacek,4.27,0060888695,9780060888695,eng,11,697,180,8/22/2006,Caedmon,"Classics;Fiction;Historical,Historical Fiction;Academic,School;Literature;Young Adult;Historical;Academic,Read For School;Novels;Young Adult,High School"
13064,Tourist Season,Carl Hiaasen,3.94,0446695718,9780446695718,eng,404,15459,669,5/9/2005,Warner Books (NY),"Fiction;Mystery;Humor;Mystery,Crime;Humor,Comedy;Thriller;Thriller,Mystery Thriller;Audiobook;Suspense;Adult"
22304,Life After God,Douglas Coupland,3.79,0743231511,9780743231510,eng,291,9882,338,7/1/2002,Simon & Schuster,"Fiction;Short Stories;Cultural,Canada;Contemporary;Literature;Religion;Novels;Literary Fiction;Philosophy;Literature,20th Century"
22146,Prioritizing Web Usability,Jakob Nielsen/Hoa Loranger,3.94,0321350316,9780321350312,en-US,406,599,16,4/20/2006,New Riders Publishing,"Design;Internet,Web;Nonfiction;Design,Usability;Design,Website Design;Business;Science,Technology;Computer Science,Programming;Computers,Internet;Science,Computer Science"
8546,Field of Thirteen,Dick Francis,3.73,042519499X,9780425194997,eng,304,2053,85,3/2/2004,G.P. Putnam's Sons,"Mystery;Fiction;Short Stories;Thriller;Mystery,Crime;Suspense;Animals,Horses;Thriller,Mystery Thriller;European Literature,British Literature;Mystery,Detective"
16897,The Portable Thoreau,Henry David Thoreau/Carl Bode,4.18,0140150315,9780140150315,eng,698,666,28,1/27/1977,Penguin Books,"Philosophy;Classics;Nonfiction;Writing,Essays;Poetry;Literature;Literature,American;Environment,Nature;History;Anthologies"
31030,Diabolo: Volume 1,Kei Kusunoki/Kaoru Ohashi,3.46,1595322329,9781595322326,en-US,199,207,9,11/1/2004,TokyoPop,"Sequential Art,Manga;Sequential Art,Graphic Novels;Horror;Fantasy;Manga,Josei;Sequential Art,Comics;Young Adult;Fantasy,Magic;Fiction;Drama"
9681,Serenissima aka Shylock's Daughter,Erica Jong,3.29,0440201047,9780440201045,eng,384,282,17,3/1/1988,Dell,"Fiction;Historical,Historical Fiction;Romance;Novels;Fantasy;Cultural,Italy;Literature,American;Literature,20th Century;Science Fiction,Time Travel;Historical"
5932,Twenty Love Poems and a Song of Despair,Pablo Neruda/W.S. Merwin/Cristina García,4.3,0143039962,9780143039969,eng,70,37942,1105,12/26/2006,Penguin Classics,"Poetry;Classics;Romance;European Literature,Spanish Literature;Fiction;Literature;Cultural,Latin American;Nobel Prize;Literature,20th Century;Literature,Latin American Literature"
4331,Dreamland (Dreamland  #1),Dale Brown/Jim DeFelice,3.9,0007109660,9780007109661,eng,375,1313,28,7/2/2001,HarperCollins Publishers Ltd,"Fiction;Thriller;War,Military Fiction;War;Adventure;Suspense;Action;Thriller,Mystery Thriller;Mystery;Spy Thriller,Espionage"
20019,Killing Time,Cynthia Harrod-Eagles,3.98,0380732025,9780380732029,en-US,280,12,1,2/1/1999,Avon Books,"Mystery;Fiction;Mystery,Crime;European Literature,British Literature;Suspense;Thriller,Mystery Thriller;Mystery,Detective"
26449,Bulfinch's Mythology,Thomas Bulfinch/Richard P. Martin,4.1,0062700251,9780062700254,eng,768,66,7,12/24/1991,Collins Reference,"Fantasy,Mythology;Classics;Fiction;Fantasy;Reference;Religion;Literature;Folklore;Classics,Classic Literature;Mythology,Greek Mythology"
972,Da Vinci Code (Robert Langdon  #2),Dan Brown/Daniel Roche,3.84,2266144340,9782266144346,fre,744,377,16,5/3/2005,Pocket,"Fiction;Mystery;Thriller;Thriller,Mystery Thriller;Historical,Historical Fiction;Suspense;Adventure;Novels;Mystery,Crime;Adult"
21980,Tyrannosaur Canyon,Douglas Preston/Scott Sowers,3.8,1593977794,9781593977795,eng,12,79,18,8/23/2005,MacMillan Audio,"Thriller;Fiction;Mystery;Adventure;Science Fiction;Suspense;Thriller,Mystery Thriller;Animals,Dinosaurs;Action;Audiobook"
4641,The Short Stories,Ernest Hemingway,4.26,0684837862,9780684837864,en-US,464,219,21,7/25/2002,Scribner Classics,"Fiction;Short Stories;Classics;Literature;Literature,American;The United States Of America;Literary Fiction;Literature,20th Century;American,Americana;Novels"
28810,Social Psychology,Elliot Aronson/Robin M. Akert/Timothy D. Wilson,4.0,0132382458,9780132382458,eng,633,42,1,12/6/2006,Prentice Hall,"Psychology;Nonfiction;Textbooks;Sociology;Science;Academic,School;Academic,Read For School;Academic,College;Business;Reference"
25491,Escape from Freedom,Erich Fromm,4.24,0805031499,9780805031492,eng,301,7201,292,9/15/1994,Holt McDougal,"Psychology;Philosophy;Nonfiction;Politics;Sociology;History;Classics;Culture,Society;Psychology,Psychoanalysis;European Literature,German Literature"
15425,Pet Peeve (Xanth #29),Piers Anthony,3.86,0765343118,9780765343116,en-US,384,2273,35,10/1/2006,Tor Books,"Fantasy;Fiction;Humor;Science Fiction Fantasy;Fantasy,Magic;Science Fiction;Adventure;Young Adult;Adult;Romance"
42606,As You Like It,William Shakespeare/Arkangel Cast/Victoria Hamilton/Niamh Cusack/Stephen Mangan,3.83,1932219048,9781932219043,en-US,2,28,6,9/6/2005,The Audio Partners,"Classics;Plays;Drama;Fiction;Plays,Theatre;Romance;Literature;Academic,School;Poetry;Humor,Comedy"
27200,Sailing the Wine-Dark Sea: Why the Greeks Matter,Thomas Cahill,3.77,0385495544,9780385495547,eng,352,2470,233,7/27/2004,Anchor,"History;Nonfiction;Cultural,Greece;History,Ancient History;Philosophy;Historical;Religion;History,European History;History,World History;Literature,Ancient"
29035,Twelve Extraordinary Women Workbook,John F. MacArthur Jr.,3.92,1418505579,9781418505578,en-GB,226,46,4,3/5/2006,Thomas Nelson,Christian;Religion
7580,Iran Awakening: A Memoir of Revolution and Hope,Shirin Ebadi,4.14,1400064708,9781400064700,eng,232,3187,267,5/2/2006,Random House (NY),"Nonfiction;Cultural,Iran;Autobiography,Memoir;History;Biography;Politics;Feminism;Religion,Islam;Biography,Autobiography;Biography Memoir"
21534,Trunk Music (Harry Bosch  #5; Harry Bosch Universe  #6),Michael Connelly/Dick Hill,4.18,1423323386,9781423323389,eng,13,126,26,11/28/2006,Brilliance Audio,"Mystery;Fiction;Mystery,Crime;Thriller;Mystery,Detective;Thriller,Mystery Thriller;Audiobook;Suspense;Emergency Services,Police;Mystery,Murder Mystery"
38212,Zen and the Art of Happiness,Chris Prentiss,4.05,0943015537,9780943015538,eng,145,2955,270,6/28/2006,Power Press,"Nonfiction;Self Help;Spirituality;Philosophy;Religion,Buddhism;Buddhism,Zen;Psychology;Religion;Self Help,Personal Development;Reference"
5851,Magic Seeds,V.S. Naipaul,3.13,0375707271,9780375707278,eng,280,715,104,11/8/2005,Vintage,"Fiction;Cultural,India;Novels;Contemporary;Literature;European Literature,British Literature;Historical,Historical Fiction;Literary Fiction;Asian Literature,Indian Literature;Nobel Prize"
26253,Ennead IV (Plotinus IV),Plotinus/A.H. Armstrong,4.52,0674994884,9780674994881,eng,464,27,3,1/1/1984,Loeb Classical Library 443,"Philosophy;Philosophy,Theory"
11656,Rabbit Angstrom: The Four Novels,John Updike,4.26,0679444599,9780679444596,eng,1520,1512,148,10/17/1995,Everyman's Library,"Fiction;Literature;Classics;Novels;Literature,American;Literature,20th Century;Literary Fiction;Contemporary;Modern;Anthologies,Collections"
8852,Macbeth,William Shakespeare,3.9,0743477103,9780743477109,eng,249,592315,7791,7/1/2013,Simon  Schuster,"Classics;Plays;Fiction;Academic,School;Drama;Academic,Read For School;Literature;Plays,Theatre;Poetry;Young Adult,High School"
2873,The Virgin Blue,Tracy Chevalier,3.66,0452284449,9780452284449,eng,304,26029,1588,6/24/2003,Penguin Books,"Historical,Historical Fiction;Fiction;Historical;Cultural,France;Art;Mystery;Romance;Adult Fiction;Adult;Novels"
34889,Brown's Star Atlas: Showing All The Bright Stars With Full Instructions How To Find And Use Them For Navigational Purposes And Department Of Trade Examinations.,"Brown, Son & Ferguson",0.0,0851742718,9780851742717,eng,49,0,0,5/1/1977,Brown Son & Ferguson Ltd.,
16392,Thank You  Jeeves (Jeeves  #5),P.G. Wodehouse,4.24,1585674346,9781585674343,eng,263,5700,308,9/15/2003,Harry N. Abrams,"Fiction;Humor;Classics;Humor,Comedy;European Literature,British Literature;Audiobook;Novels;Literature,20th Century;Historical,Historical Fiction;Literature"
31994,鋼之鍊金術師 10,Hiromu Arakawa/荒川弘/方郁仁,4.6,9861156534,9789861156538,zho,188,3,0,3/23/2005,東立,"Sequential Art,Manga;Fantasy;Sequential Art,Comics;Sequential Art,Graphic Novels;Fiction;Science Fiction;Young Adult;Manga,Shonen;Science Fiction,Steampunk;Adventure"
21685,A Drink Before the War (Kenzie & Gennaro  #1),Dennis Lehane,3.95,0156029022,9780156029025,eng,282,29089,1523,9/15/2003,Mariner Books,"Mystery;Fiction;Mystery,Crime;Thriller;Thriller,Mystery Thriller;Mystery,Detective;Suspense;Mystery,Noir;Audiobook;Novels"
24605,On Wine and Hashish,Charles Baudelaire/Andrew Brown/Margaret Drabble,3.93,1843910179,9781843910176,eng,88,751,17,9/1/2002,Hesperus Press,"Poetry;Nonfiction;Cultural,France;Writing,Essays;European Literature,French Literature;Literature,19th Century;Classics;Literature;Philosophy;Unfinished"
23517,Astronomy: A Beginner's Guide to the Universe,Eric Chaisson/Steve McMillan,3.88,013187165X,9780131871656,eng,499,159,8,2/24/2006,Benjamin Cummings,"Science,Astronomy;Science;Nonfiction;Textbooks;Science,Physics;Space;Reference;Academic,School;Academic,Read For School"
18547,King Lear  Macbeth  Indefinition  and Tragedy,Stephen  Booth,4.11,1877275514,9781877275517,eng,180,18,3,6/1/2002,Cybereditions Corp,"Literature;Criticism,Literary Criticism"
26829,Canada's Incredible Coasts,Donald J. Crump/William R. Gray,3.71,0870448293,9780870448294,eng,199,7,0,11/1/1993,National Geographic Society,Travel
403,Americana,Don DeLillo,3.43,0140119485,9780140119480,eng,377,393,55,7/6/1989,Penguin Books,"Fiction;Novels;Literature,American;Literary Fiction;Literature,20th Century;Contemporary;American,Americana;Literature;Unfinished;Classics"
27363,Back Bay (Peter Fallon  #1),William Martin,3.91,0446363162,9780446363167,eng,532,1614,173,7/1/1992,Grand Central Publishing,"Historical,Historical Fiction;Fiction;Mystery;Thriller;Historical;North American Hi...,American History;Suspense;Adult;Adventure;Thriller,Mystery Thriller"
38068,The Complete Stories,Zora Neale Hurston/Henry Louis Gates Jr./Sieglinde Lemke,4.25,0060921714,9780060921712,eng,336,756,45,1/5/1996,Amistad,"Short Stories;Fiction;Cultural,African American;Classics;Literature;Womens;Adult;Academic,College;Literature,American;American,Southern"
40622,Europe on a Shoestring,Sarah Johnstone/Aaron Anderson/Sarah  Andrews/Lonely Planet,4.05,1741045916,9781741045918,eng,1284,357,16,3/1/2007,Lonely Planet,"Travel;Nonfiction;Reference;Anthologies,Collections;Reference,Guidebook"
34558,Real Ultimate Power: The Official Ninja Book,Robert  Hamburger,4.0,080652569X,9780806525693,eng,193,997,117,7/1/2004,Citadel,"Humor;Humor,Comedy;Fiction;Young Adult;Reference;Combat,Martial Arts"
40609,La fortaleza digital,Dan Brown/Eduardo García Murillo,3.65,8489367019,9788489367012,spa,440,1078,76,2/1/2006,Umbriel,"Fiction;Thriller;Mystery;Suspense;Thriller,Mystery Thriller;Mystery,Crime;Science Fiction;Novels;Adventure;Adult"
6129,Siddhartha,Hermann Hesse,4.02,2253008486,9782253008484,fre,160,590,29,10/31/1975,Le Livre de Poche,"Classics;Fiction;Philosophy;Spirituality;Religion;Literature;Religion,Buddhism;European Literature,German Literature;Novels;Historical,Historical Fiction"
4394,Collected Novellas,Gabriel García Márquez/Gregory Rabassa/J.S. Bernstein,4.0,006093266X,9780060932664,eng,288,838,51,1/8/2008,Harper Perennial Modern Classics,"Fiction;Short Stories;Magical Realism;Classics;Literature;Fantasy;Literary Fiction;Literature,Latin American Literature;European Literature,Spanish Literature;Novels"
41782,Goth-Icky: A Macabre Menagerie of Morbid Monstrosities,Michael J. Nelson/Charles S. Anderson Design Company/Pop Ink,3.65,0810957892,9780810957893,eng,176,147,11,9/1/2005,Harry N. Abrams,"Humor;Art;Dark Fantasy,Goth;Nonfiction"
10525,Mouse or Rat?: Translation as Negotiation,Umberto Eco,3.8,0753817985,9780753817988,eng,208,311,27,9/28/2004,Orion Publishing Co.,"Nonfiction;Humanities,Linguistics;Humanities,Language;Writing,Essays;European Literature,Italian Literature;Cultural,Italy;Language,Writing;Philosophy,Theory;Literature;Criticism"
38803,Laughter and Tears: A Family's Journey to Understanding the Autism Spectrum,Ann Hewetson,4.0,1843103311,9781843103318,eng,224,4,1,1/15/2005,Jessica Kingsley Publishers,Psychology
1466,Grief Lessons: Four Plays by Euripides,Anne Carson/Euripides,4.4,1590171802,9781590171806,eng,312,679,85,8/1/2006,New York Review of Books,"Plays;Classics;Poetry;Drama;Fiction;Fantasy,Mythology;Plays,Theatre;History,Ancient History;Literature,Ancient;Cultural,Greece"
13060,Nature Girl,Carl Hiaasen,3.63,0307262995,9780307262998,eng,306,19245,1533,11/14/2006,Alfred A. Knopf,"Fiction;Humor;Mystery;Audiobook;Humor,Comedy;Mystery,Crime;Adult;Adult Fiction;Adventure;Contemporary"
10984,Three Famous Short Novels: Spotted Horses Old Man the Bear,William Faulkner,3.86,0394701496,9780394701493,eng,320,1457,117,2/12/1958,Vintage Books,"Fiction;Classics;Short Stories;Literature;Literature,American;Unfinished;Academic,School;Novels;Nobel Prize;Gothic,Southern Gothic"
33547,Hell House,Richard Matheson,3.79,0727860992,9780727860996,eng,301,29779,1488,7/1/2004,Severn House Publishers,"Horror;Fiction;Fantasy,Paranormal;Classics;Paranormal,Ghosts;Mystery;Fantasy,Supernatural;Thriller;Fantasy;Audiobook"
31698,Dante: Poet of the Secular World,Erich Auerbach/Ralph Manheim/Michael Dirda,4.25,1590172191,9781590172193,eng,202,169,13,1/16/2007,NYRB Classics,"Criticism,Literary Criticism;Nonfiction;Criticism;Cultural,Italy;Poetry;Writing,Essays;Philosophy;Biography;European Literature,Italian Literature;Literature"
37261,Carnet de Voyage,Craig Thompson,3.76,1891830600,9781891830600,en-US,224,4415,400,8/3/2004,Top Shelf Productions,"Sequential Art,Graphic Novels;Sequential Art,Comics;Travel;Nonfiction;Autobiography,Memoir;Graphic Novels Comics;Cultural,France;Art;Biography;Biography,Autobiography"
2545,The Treasured Writings of Kahlil Gibran,Kahlil Gibran,4.42,089009389X,9780890093894,eng,902,1432,45,10/6/2009,Castle Books,"Poetry;Philosophy;Classics;Fiction;Spirituality;Literature;Religion;Short Stories;Reference;Philosophy,Eastern Philosophy"
16535,Strange Relations,Philip José Farmer,3.71,1416509348,9781416509349,eng,476,291,14,2/7/2006,Baen Books,"Science Fiction;Fiction;Fantasy;Short Stories;Science Fiction Fantasy;Speculative Fiction;Anthologies,Collections;Adult Fiction,Erotica;Science Fiction,Aliens;Anthologies"
12288,The Adventures of Race Williams,Carroll John Daly,3.45,0892969598,9780892969593,eng,342,11,3,1/1/1989,Mysterious Press,Mystery;Pulp;Short Stories;Fiction
21187,For All Time (Time Travelers  #4),Caroline B. Cooney,3.9,0440229316,9780440229315,eng,261,1618,65,7/8/2003,Laurel Leaf Library,"Science Fiction,Time Travel;Young Adult;Historical,Historical Fiction;Romance;Fantasy;Fiction;Science Fiction;Historical;Young Adult,Teen;Childrens"
39346,Stake That (Blood Coven Vampire  #2),Mari Mancusi,3.97,0425212106,9780425212103,eng,288,5449,191,12/5/2006,Berkley,"Paranormal,Vampires;Young Adult;Fantasy,Paranormal;Fantasy;Romance;Romance,Paranormal Romance;Fantasy,Supernatural;Fiction;Fantasy,Urban Fantasy;Young Adult,Teen"
25965,The Best American Sports Writing 2006,Michael     Lewis/Glenn Stout,3.75,0618470220,9780618470228,eng,416,84,5,10/11/2006,Mariner Books,"Sports,Sports;Nonfiction;Writing,Essays"
20749,Study Bible: NIV,Anonymous,4.7,0310929555,9780310929550,eng,2198,4166,186,10/1/2002,Zondervan Publishing House,"Christian;Religion;Nonfiction;Religion,Christianity;Reference;Spirituality;Religion,Theology;Classics;Christian,Christian Non Fiction;Religion,Faith"
32213,Expectant Father,Melinda Curtis,3.6,0373713010,9780373713011,eng,304,40,2,12/15/2011,Harlequin Special Releases,"Romance;Contemporary;Category Romance,Harlequin;Emergency Services,Firefighters;Romance,Contemporary Romance"
34153,Climb the Family Tree  Jesse Bear!,Nancy White Carlstrom/Bruce Degen,3.49,0689807015,9780689807015,en-US,32,63,9,7/1/2004,Aladdin,"Childrens,Picture Books;Childrens;Animals"
3462,The Rescue,Nicholas Sparks,4.11,0446696129,9780446696128,eng,352,154933,3141,4/1/2005,Grand Central Publishing,"Romance;Fiction;Womens Fiction,Chick Lit;Contemporary;Adult;Adult Fiction;Romance,Contemporary Romance;Drama;Love;Audiobook"
24178,Charlotte's Web,E.B. White/Garth Williams/Rosemary Wells,4.17,0064410935,9780064410939,eng,184,1300470,14739,10/1/2001,HarperCollinsPublishers,"Classics;Fiction;Childrens;Fantasy;Young Adult;Childrens,Middle Grade;Animals;Academic,School;Childrens,Chapter Books;Childrens,Juvenile"
18098,Indiscretions of Archie,P.G. Wodehouse,3.87,0742632598,9780742632592,eng,215,693,78,5/1/2000,Classic Books,"Fiction;Humor;Classics;Humor,Comedy;European Literature,British Literature;Historical,Historical Fiction;Literature;Romance;Unfinished;Literature,20th Century"
15652,Dante's Inferno,Dante Alighieri/Mark Musa,4.0,0253209307,9780253209306,eng,432,43,6,6/22/1995,Indiana University Press,"Classics;Poetry;Fiction;Literature;Religion;Fantasy;Academic,School;Philosophy;European Literature,Italian Literature;Historical,Medieval"
1518,The Oresteia,Aeschylus/Alan Shapiro/Peter H. Burian,4.02,019513592X,9780195135923,eng,304,77,7,10/7/2004,Oxford University Press  USA,"Classics;Plays;Drama;Fiction;Fantasy,Mythology;Poetry;Literature;Plays,Theatre;Academic,School;Literature,Ancient"
25849,The Drifting Classroom  Vol. 1,Kazuo Umezu,3.79,1421507226,9781421507224,en-US,190,1535,107,8/8/2006,VIZ Media LLC,"Sequential Art,Manga;Horror;Sequential Art,Comics;Sequential Art,Graphic Novels;Science Fiction;Cultural,Japan;Fiction;Fantasy;Comics Manga;Graphic Novels Manga"
26583,Beauty's Punishment,A.N. Roquelaure/Anne Rice,3.62,0452266629,9780452266629,eng,233,426,30,6/1/1984,Plume,"Adult Fiction,Erotica;Fiction;Fantasy;Romance;Erotica,BDSM;Adult;Fantasy,Fairy Tales;Adult Fiction;Retellings;Sexuality"
32778,The Aeneid,Virgil/Robert Fitzgerald,3.84,0679413359,9780679413356,eng,483,184,21,6/30/1992,Everyman's Library,"Classics;Poetry;Fiction;Fantasy,Mythology;Literature;Academic,School;Fantasy;Epic;Literature,Ancient;Classics,Classic Literature"
28375,The Flight of Icarus,Raymond Queneau/Barbara Wright,3.99,0811204839,9780811204835,eng,191,339,45,1/17/1973,New Directions,"Fiction;Cultural,France;European Literature,French Literature;Literature,20th Century;Novels;Classics;Literature;Plays;Humor;Literature,19th Century"
45066,The Mill on the Floss,George Eliot/Carol T. Christ,3.79,0393963322,9780393963328,eng,640,133,16,11/17/1993,W. W. Norton & Company,"Classics;Fiction;Literature,19th Century;Literature;Historical,Victorian;Historical,Historical Fiction;European Literature,British Literature;Novels;Classics,Classic Literature;Literature,English Literature"
24052,Chasing The Falconers (On The Run  #1),Gordon Korman,4.05,0439651360,9780439651363,eng,154,4598,371,4/1/2005,Scholastic  Inc.,"Mystery;Adventure;Childrens,Middle Grade;Fiction;Young Adult;Childrens;Action;Thriller;Realistic Fiction;Adventure,Survival"
42692,Mila 18,Leon Uris,4.29,0553241605,9780553241600,eng,563,21662,485,11/1/1983,Bantam,"Historical,Historical Fiction;Fiction;World War II,Holocaust;Historical;War,World War II;War;Literature,Jewish;Classics;Cultural,Poland;Literature"
26576,Night of Blood (Dragonlance: The Minotaur Wars  #1),Richard A. Knaak/Margaret Weis,3.91,0786931965,9780786931965,eng,372,1307,22,2/1/2004,Wizards of the Coast,"Dungeons and Dragons,Dragonlance;Fantasy;Fiction;Fantasy,Dragons;Fantasy,High Fantasy;Role Playing Games,Dungeons and Dragons;Science Fiction Fantasy;Adult;Reference;Science Fiction"
42589,Shoot the Piano Player,David Goodis,4.02,0679732543,9780679732549,eng,158,2768,143,10/3/1990,Vintage Crime/Black Lizard,"Mystery,Noir;Fiction;Mystery,Crime;Mystery;Pulp;Mystery,Hard Boiled;Thriller;Novels;Classics;Literature,20th Century"
7708,Saint Joan/Major Barbara/Androcles and the Lion,George Bernard Shaw,3.67,0394604806,9780394604800,eng,479,11,5,11/12/1979,Modern Library/Random House (NY),"Drama;Plays;European Literature,Irish Literature"
41371,Flirting With Danger (Samantha Jellicoe  #1),Suzanne Enoch,3.93,0060593636,9780060593636,eng,384,3625,189,3/1/2005,Avon,"Romance;Contemporary;Romance,Contemporary Romance;Mystery;Romance,Romantic Suspense;Womens Fiction,Chick Lit;Suspense;Fiction;Humor;Adult"
34480,Le chat  son maître et ses deux maîtresses,Jun'ichirō Tanizaki,3.8,2070401677,9782070401673,fre,210,29,2,1/23/1997,Gallimard,"Cultural,Japan;Fiction;Asian Literature,Japanese Literature;Short Stories;Animals,Cats;Classics;Cultural,Asia;Animals;Literature;Contemporary"
39913,Beach Blanket Bad Boys,Linda Lael Miller/Alison Kent/Lucy Monroe/Jill Shalvis/Susanna Carr/Morgan Leigh,3.89,0758210949,9780758210944,eng,352,1031,27,6/7/2005,Kensington,"Romance;Anthologies;Romance,Contemporary Romance;Contemporary;Womens Fiction,Chick Lit;Short Stories;Fiction;Adult Fiction,Erotica"
26931,Cloudsplitter,Russell Banks,3.91,0060930861,9780060930868,eng,758,3618,425,1/27/1999,Harper Perennial,"Fiction;Historical,Historical Fiction;Military History,Civil War;Historical;Novels;Literature;Literary Fiction;North American Hi...,American History;Literature,American;The United States Of America"
35057,Africa South of the Sahara: A Geographical Interpretation (Texts In Regional Geography),Robert Stock,3.12,1572308680,9781572308688,en-US,479,8,0,5/4/2004,The Guilford Press,"Cultural,Africa"
22235,Stargirl LitPlans on CD,Mary B. Collins,4.86,158337292X,9781583372920,eng,210,5,0,9/15/2005,Teacher's Pet Publications,
39402,The Reluctant Reformer,Lynsay Sands,3.91,0843949740,9780843949742,eng,371,1274,61,2/3/2002,Leisure,"Romance,Historical Romance;Romance;Historical;Historical,Historical Fiction;Historical,Regency;Fiction;Historical Romance,Regency Romance;Humor;Audiobook;European Literature,British Literature"
22065,The London Blitz Murders (Disaster Series  #5),Max Allan Collins,3.72,0425198057,9780425198056,eng,272,209,35,5/4/2004,Berkley,"Mystery;Historical,Historical Fiction;Fiction;Mystery,Crime;Historical;Mystery,Historical Mystery;Thriller;Audiobook;War"
11920,Dime Store Magic (Women of the Otherworld  #3),Kelley Armstrong,4.08,0553587064,9780553587067,eng,414,767,44,5/27/2004,Bantam Spectra,"Fantasy,Urban Fantasy;Fantasy;Fantasy,Paranormal;Romance;Paranormal,Witches;Romance,Paranormal Romance;Fantasy,Magic;Fiction;Fantasy,Supernatural;Adult"
9456,Preface to the Phenomenology of Spirit,Georg Wilhelm Friedrich Hegel/Yirmiyahu Yovel,4.06,0691120528,9780691120522,eng,223,110,16,1/17/2005,Princeton University Press,"Philosophy;History;Psychology;European Literature,German Literature;Philosophy,Theory"
2896,Das Parfum. Die Geschichte eines Mörders,Patrick Süskind,4.02,3257228007,9783257228007,ger,321,9674,343,6/1/1994,Diogenes,"Fiction;Classics;Historical,Historical Fiction;Horror;Mystery;Thriller;Mystery,Crime;European Literature,German Literature;Historical;Novels"
5402,"Stand Back  Said the Elephant  ""I'm Going to Sneeze!""",Patricia Thomas/Wallace Tripp,4.39,0688093388,9780688093389,eng,32,1004,130,4/23/1990,William Morrow & Company  Inc.,"Childrens,Picture Books;Childrens;Animals;Fiction;Humor;Childrens,Storytime;Cultural,Africa;Kids;Classics;Humor,Comedy"
43799,Exit to Eden,Anne Rampling/Anne Rice,3.58,0727853414,9780727853417,eng,336,12646,323,4/24/1998,Severn House Publishers,"Adult Fiction,Erotica;Fiction;Romance;Erotica,BDSM;Fantasy;Adult;Contemporary;Horror;Romance,Erotic Romance;Adult Fiction"
2988,Louisa May Alcott's Christmas Treasury,Louisa May Alcott/C. Michael Dudash/Stephen W. Hines,3.96,1589199502,9781589199507,eng,282,715,44,6/1/2002,David C Cook,"Holiday,Christmas;Classics;Fiction;Short Stories;Holiday;Childrens,Childrens Classics;Historical,Historical Fiction;Childrens;Adult Fiction;Literature,American"
26503,Verbatim: From the bawdy to the sublime  the best writing on language for word lovers  grammar mavens  and armchair linguists,Erin McKean,3.59,015601209X,9780156012096,eng,372,124,17,10/17/2001,Mariner Books,"Humanities,Language;Nonfiction;Humanities,Linguistics;Language,Writing;Writing,Essays;Reference;History;Language,Words"
18800,In Search of Lost Time  Vol. 2: Within a Budding Grove  Part 2 & The Guermantes' Way,Marcel Proust/C.K. Scott Moncrieff/Terence Kilmartin,4.57,1841598976,9781841598970,eng,888,48,1,6/29/2001,Everyman's Library,"Classics;Fiction;Literature;Cultural,France"
11005,El Clan Del Oso Cavernario,Jean M. Auel/Leonor Tejada Conde-Pelayo,4.05,9684581149,9789684581142,spa,548,176,12,9/1/1981,Lasser Press,"Historical,Historical Fiction;Fiction;Fantasy;Historical;Classics;Romance;Adventure;Historical Fiction,Prehistoric;Adult;Novels"
11734,The Human Stain (The American Trilogy  #3),Philip Roth,3.88,0099282194,9780099282198,eng,384,25422,1410,4/5/2001,Vintage,"Fiction;Novels;Literature;Literature,American;Contemporary;Literary Fiction;Classics;The United States Of America;American,Americana;Literature,Jewish"
2331,The Lord of the Rings- 3 volumes set (The Lord of the Rings  #1-3),J.R.R. Tolkien,4.5,0618574999,9780618574995,en-US,1438,232,9,6/1/2005,Mariner Books,"Fantasy;Classics;Fiction;Adventure;Science Fiction Fantasy;Fantasy,Epic Fantasy;Fantasy,High Fantasy;Literature;Novels;Young Adult"
29289,Lentil,Robert McCloskey,4.13,0140502874,9780140502879,eng,64,4076,104,4/27/1978,Puffin Books,"Childrens,Picture Books;Childrens;Fiction;Music;Classics;Realistic Fiction;Young Adult;Historical,Historical Fiction;Childrens,2nd Grade;Childrens,Juvenile"
42376,Theater Shoes,Noel Streatfeild/Diane Goode,4.02,0613013379,9780613013376,en-US,252,85,11,11/1/1999,Sagebrush,"Childrens;Fiction;Classics;Childrens,Middle Grade;Historical,Historical Fiction;Young Adult;Childrens,Childrens Classics;Realistic Fiction;Plays,Theatre;European Literature,British Literature"
12807,The Crazed,Ha Jin,3.5,0434010537,9780434010530,eng,336,15,1,10/3/2002,Arrow (A Division of Random House Group),"Fiction;Cultural,China;Historical,Historical Fiction;Literature;Cultural,Asia;Politics;Asian Literature,Chinese Literature;Literature,Asian Literature;Literary Fiction;Novels"
42143,The Land of Laughs,Jonathan Carroll,3.9,0312873115,9780312873110,eng,253,4337,352,2/10/2001,Orb Books,"Fantasy;Fiction;Horror;Magical Realism;Mystery;Fantasy,Urban Fantasy;Novels;Science Fiction Fantasy;Literature,American;Speculative Fiction"
16857,The Love of the Last Tycoon,F. Scott Fitzgerald,3.65,0020199856,9780020199854,eng,169,7135,386,4/14/1995,Scribner,"Classics;Fiction;Literature;Literature,American;Novels;Literature,20th Century;Historical,Historical Fiction;Literary Fiction;Romance;Classics,Modern Classics"
43700,The South,Colm Tóibín,3.6,0140149864,9780140149869,eng,240,807,92,10/1/1992,Penguin Books,"Fiction;Cultural,Ireland;European Literature,Irish Literature;Historical,Historical Fiction;Cultural,Spain;Historical;Literary Fiction;Travel;Art;Civil War,Spanish Civil War"
292,Sand and Foam,Kahlil Gibran/جبران خليل جبران,4.08,067943920X,9780679439202,eng,100,3015,217,6/14/2011,Knopf,"Poetry;Philosophy;Classics;Fiction;Literature;Spirituality;Religion;Literature,20th Century;Cultural,Lebanon;Audiobook"
42003,Sheer Mischief,Jill Mansell,3.82,0747268479,9780747268475,eng,504,2555,102,8/2/2001,Headline Review,"Womens Fiction,Chick Lit;Romance;Fiction;Romance,Contemporary Romance;Contemporary;Womens Fiction;European Literature,British Literature;Humor;Adult;Roman"
10156,The Last of Her Kind,Sigrid Nunez,3.72,0312425945,9780312425944,eng,391,1459,242,12/12/2006,Picador USA,"Fiction;Historical,Historical Fiction;Novels;Literary Fiction;Contemporary;Literature,American;Historical;Adult Fiction;New York;Book Club"
10863,Pipe Dream (Strivers Row),Solomon Jones,3.97,0375756604,9780375756603,eng,341,139,17,7/31/2001,Villard,Fiction;Urban
38898,The Guide to Hollywood and Beverly Hills,Charles Lockwood,4.33,0517550369,9780517550366,eng,174,3,0,1/16/1984,Random House Value Publishing,
1495,Suppliant Women / Electra / Heracles,Euripides/David Kovacs,4.47,067499566X,9780674995666,mul,464,30,4,9/1/1998,Loeb Classical Library,Literature;Drama
25715,Treatise on Happiness,Thomas Aquinas/John A. Oesterle,3.83,0268018499,9780268018498,eng,224,76,3,1/1/1984,University of Notre Dame Press,"Philosophy;Religion;Nonfiction;Religion,Theology"
4947,One Hundred Hungry Ants,Elinor J. Pinczes/Bonnie Mackain,4.05,0395971233,9780395971239,en-US,32,2114,166,9/27/1999,HMH Books for Young Readers,"Science,Mathematics;Childrens,Picture Books;Childrens;Animals;Number,Counting;Fiction;Mathematics,Number;Academic,School;Mathematics,Division;Mathematics,Multiplication"
6316,Charlie and the Chocolate Factory (Abridged),Roald Dahl,3.86,0142404209,9780142404201,en-US,40,12,2,6/2/2005,Puffin,Juvenile Fiction
397,The Gettysburg Address,Abraham Lincoln/Michael McCurdy,4.53,0395883970,9780395883976,eng,32,5239,76,2/2/1998,HMH Books for Young Readers,"History;Nonfiction;Politics;Classics;North American Hi...,American History;Military History,Civil War;Historical;War;Politics,Presidents;Childrens,Picture Books"
29906,The Collected Dialogues,Plato/Edith Hamilton/Huntington Cairns,4.23,0691097186,9780691097183,eng,1776,704,31,9/15/1963,Princeton University Press (NJ),"Philosophy;Classics;Nonfiction;History;Literature,Ancient;Psychology;Cultural,Greece;Philosophy,Theory;Anthologies,Collections;History,Ancient History"
24298,The Story of Avis,Elizabeth Stuart Phelps/Carol Phillips,3.55,0813510996,9780813510996,eng,250,180,14,6/1/1985,Rutgers University Press,"Fiction;Classics;Literature,American;Female Authors;Literature,19th Century;Art;Academic,Read For School;Adult Fiction;Academic,College"
43927,No Second Chance,Harlan Coben,4.08,0451210557,9780451210555,eng,452,22104,1237,4/27/2004,Dutton Books,"Mystery;Thriller;Fiction;Suspense;Mystery,Crime;Thriller,Mystery Thriller;Audiobook;Adult;Mystery,Murder Mystery;Contemporary"
20562,George Eliot: The Last Victorian,Kathryn  Hughes,4.05,0815411219,9780815411215,eng,416,176,25,7/2/2001,Cooper Square Press,"Biography;Nonfiction;History;Historical,Victorian;Literature;Biography Memoir;Female Authors;Criticism;Literature,19th Century;European Literature,British Literature"
26842,Pies and Tarts,Chuck Williams/Laurie Wertz/John Phillip Carroll,3.82,0783502001,9780783502007,eng,108,18,2,5/24/1999,Time Life Medical,"Food and Drink,Cookbooks;Food and Drink,Cooking"
42693,A God in Ruins,Leon Uris,3.26,0061097934,9780061097935,eng,517,1208,104,9/5/2000,Avon,"Fiction;Historical,Historical Fiction;Thriller;Politics;Literature,Jewish;Historical;Politics,Presidents;Adult;Literary Fiction;Adult Fiction"
7551,The Acme Novelty Library #17,Chris Ware,4.35,1897299028,9781897299029,eng,64,772,21,11/28/2006,Drawn and Quarterly,"Sequential Art,Comics;Sequential Art,Graphic Novels;Fiction;Graphic Novels Comics;Sequential Art,Comix;Art;Design;Sequential Art,Graphic Literature"
40440,The Thirteenth Tale,Diane Setterfield,3.96,0743298020,9780743298025,eng,406,239809,18865,9/12/2006,Atria Books,"Fiction;Mystery;Historical,Historical Fiction;Gothic;Writing,Books About Books;Adult;Fantasy;Historical;Thriller,Mystery Thriller;Book Club"
16297,Cards on the Table (Hercule Poirot  #15),Agatha Christie,3.92,0425205959,9780425205952,eng,324,25236,1046,7/5/2005,Berkley,"Mystery;Fiction;Mystery,Crime;Classics;Thriller,Mystery Thriller;Mystery,Detective;Audiobook;European Literature,British Literature;Mystery,Murder Mystery;Thriller"
8964,Jesus Freaks: Stories of Those Who Stood for Jesus  the Ultimate Jesus Freaks (Jesus Freaks  #1),D.C. Talk/The Voice of the Martyrs,4.21,1577780728,9781577780724,eng,383,19217,271,1/15/1999,Albury Publishing,"Christian;Nonfiction;Biography;Religion,Christianity;Religion;Christian,Christian Non Fiction;Religion,Faith;History;Christian,Christian Living;Religion,Theology"
